station_id,station_name,date,statistic,n_rows,n_unique_values,min_value,max_value,quality_flags,source_files,source_rows,resolution_status
la_poza,La Poza,2022-10-04,max,2,1,4.55,4.55,ok,raw_data/la_poza/la poza 1.xls; raw_data/la_poza/la poza.xls,2; 3,identical_duplicate_values
la_poza,La Poza,2022-10-04,mean,2,1,4.4,4.4,ok,raw_data/la_poza/la poza 1.xls; raw_data/la_poza/la poza.xls,2; 3,identical_duplicate_values
la_poza,La Poza,2022-10-04,min,2,1,4.1,4.1,ok,raw_data/la_poza/la poza 1.xls; raw_data/la_poza/la poza.xls,2; 3,identical_duplicate_values
la_poza,La Poza,2022-10-13,max,2,1,16.47,16.47,ok,raw_data/la_poza/la poza 1.xls; raw_data/la_poza/la poza(2).xls,3; 2,identical_duplicate_values
la_poza,La Poza,2022-10-13,mean,2,1,4.802,4.802,ok,raw_data/la_poza/la poza 1.xls; raw_data/la_poza/la poza(2).xls,3; 2,identical_duplicate_values
la_poza,La Poza,2022-10-13,min,2,1,1.54,1.54,ok,raw_data/la_poza/la poza 1.xls; raw_data/la_poza/la poza(2).xls,3; 2,identical_duplicate_values
la_poza,La Poza,2022-10-14,max,2,1,18.37,18.37,ok,raw_data/la_poza/la poza 1.xls; raw_data/la_poza/la poza(2).xls,4; 3,identical_duplicate_values
la_poza,La Poza,2022-10-14,mean,2,1,5.966,5.966,ok,raw_data/la_poza/la poza 1.xls; raw_data/la_poza/la poza(2).xls,4; 3,identical_duplicate_values
la_poza,La Poza,2022-10-14,min,2,1,0.84,0.84,ok,raw_data/la_poza/la poza 1.xls; raw_data/la_poza/la poza(2).xls,4; 3,identical_duplicate_values
la_poza,La Poza,2022-10-15,max,2,1,13.83,13.83,ok,raw_data/la_poza/la poza 1.xls; raw_data/la_poza/la poza(2).xls,5; 4,identical_duplicate_values
la_poza,La Poza,2022-10-15,mean,2,1,3.942,3.942,ok,raw_data/la_poza/la poza 1.xls; raw_data/la_poza/la poza(2).xls,5; 4,identical_duplicate_values
la_poza,La Poza,2022-10-15,min,2,1,1.03,1.03,ok,raw_data/la_poza/la poza 1.xls; raw_data/la_poza/la poza(2).xls,5; 4,identical_duplicate_values
la_poza,La Poza,2022-10-16,max,2,1,12.89,12.89,ok,raw_data/la_poza/la poza 1.xls; raw_data/la_poza/la poza(2).xls,6; 5,identical_duplicate_values
la_poza,La Poza,2022-10-16,mean,2,1,3.424,3.424,ok,raw_data/la_poza/la poza 1.xls; raw_data/la_poza/la poza(2).xls,6; 5,identical_duplicate_values
la_poza,La Poza,2022-10-16,min,2,1,0.66,0.66,ok,raw_data/la_poza/la poza 1.xls; raw_data/la_poza/la poza(2).xls,6; 5,identical_duplicate_values
la_poza,La Poza,2022-10-17,max,2,1,11.04,11.04,ok,raw_data/la_poza/la poza 1.xls; raw_data/la_poza/la poza(2).xls,7; 6,identical_duplicate_values
la_poza,La Poza,2022-10-17,mean,2,1,3.987,3.987,ok,raw_data/la_poza/la poza 1.xls; raw_data/la_poza/la poza(2).xls,7; 6,identical_duplicate_values
la_poza,La Poza,2022-10-17,min,2,1,0.68,0.68,ok,raw_data/la_poza/la poza 1.xls; raw_data/la_poza/la poza(2).xls,7; 6,identical_duplicate_values
la_poza,La Poza,2022-10-18,max,2,1,5.98,5.98,ok,raw_data/la_poza/la poza 1.xls; raw_data/la_poza/la poza(2).xls,8; 7,identical_duplicate_values
la_poza,La Poza,2022-10-18,mean,2,1,3.19,3.19,ok,raw_data/la_poza/la poza 1.xls; raw_data/la_poza/la poza(2).xls,8; 7,identical_duplicate_values
la_poza,La Poza,2022-10-18,min,2,1,0.74,0.74,ok,raw_data/la_poza/la poza 1.xls; raw_data/la_poza/la poza(2).xls,8; 7,identical_duplicate_values
la_poza,La Poza,2022-10-19,max,2,1,29.84,29.84,ok,raw_data/la_poza/la poza 1.xls; raw_data/la_poza/la poza(2).xls,9; 8,identical_duplicate_values
la_poza,La Poza,2022-10-19,mean,2,1,5.454,5.454,ok,raw_data/la_poza/la poza 1.xls; raw_data/la_poza/la poza(2).xls,9; 8,identical_duplicate_values
la_poza,La Poza,2022-10-19,min,2,1,1.48,1.48,ok,raw_data/la_poza/la poza 1.xls; raw_data/la_poza/la poza(2).xls,9; 8,identical_duplicate_values
la_poza,La Poza,2022-10-20,max,2,1,21.99,21.99,ok,raw_data/la_poza/la poza 1.xls; raw_data/la_poza/la poza(2).xls,10; 9,identical_duplicate_values
la_poza,La Poza,2022-10-20,mean,2,1,7.535,7.535,ok,raw_data/la_poza/la poza 1.xls; raw_data/la_poza/la poza(2).xls,10; 9,identical_duplicate_values
la_poza,La Poza,2022-10-20,min,2,1,3.15,3.15,ok,raw_data/la_poza/la poza 1.xls; raw_data/la_poza/la poza(2).xls,10; 9,identical_duplicate_values
la_poza,La Poza,2022-10-21,max,2,1,22.29,22.29,ok,raw_data/la_poza/la poza 1.xls; raw_data/la_poza/la poza(2).xls,11; 10,identical_duplicate_values
la_poza,La Poza,2022-10-21,mean,2,1,5.882,5.882,ok,raw_data/la_poza/la poza 1.xls; raw_data/la_poza/la poza(2).xls,11; 10,identical_duplicate_values
la_poza,La Poza,2022-10-21,min,2,1,1.07,1.07,ok,raw_data/la_poza/la poza 1.xls; raw_data/la_poza/la poza(2).xls,11; 10,identical_duplicate_values
la_poza,La Poza,2022-10-22,max,2,1,13.76,13.76,ok,raw_data/la_poza/la poza 1.xls; raw_data/la_poza/la poza(2).xls,12; 11,identical_duplicate_values
la_poza,La Poza,2022-10-22,mean,2,1,3.992,3.992,ok,raw_data/la_poza/la poza 1.xls; raw_data/la_poza/la poza(2).xls,12; 11,identical_duplicate_values
la_poza,La Poza,2022-10-22,min,2,1,1.12,1.12,ok,raw_data/la_poza/la poza 1.xls; raw_data/la_poza/la poza(2).xls,12; 11,identical_duplicate_values
la_poza,La Poza,2022-10-23,max,2,1,32.01,32.01,ok,raw_data/la_poza/la poza 1.xls; raw_data/la_poza/la poza(2).xls,13; 12,identical_duplicate_values
la_poza,La Poza,2022-10-23,mean,2,1,5.955,5.955,ok,raw_data/la_poza/la poza 1.xls; raw_data/la_poza/la poza(2).xls,13; 12,identical_duplicate_values
la_poza,La Poza,2022-10-23,min,2,1,0.96,0.96,ok,raw_data/la_poza/la poza 1.xls; raw_data/la_poza/la poza(2).xls,13; 12,identical_duplicate_values
la_poza,La Poza,2022-10-24,max,2,1,8.03,8.03,ok,raw_data/la_poza/la poza 1.xls; raw_data/la_poza/la poza(2).xls,14; 13,identical_duplicate_values
la_poza,La Poza,2022-10-24,mean,2,1,2.915,2.915,ok,raw_data/la_poza/la poza 1.xls; raw_data/la_poza/la poza(2).xls,14; 13,identical_duplicate_values
la_poza,La Poza,2022-10-24,min,2,1,0.68,0.68,ok,raw_data/la_poza/la poza 1.xls; raw_data/la_poza/la poza(2).xls,14; 13,identical_duplicate_values
la_poza,La Poza,2022-10-25,max,2,1,14.43,14.43,ok,raw_data/la_poza/la poza 1.xls; raw_data/la_poza/la poza(2).xls,15; 14,identical_duplicate_values
la_poza,La Poza,2022-10-25,mean,2,1,3.674,3.674,ok,raw_data/la_poza/la poza 1.xls; raw_data/la_poza/la poza(2).xls,15; 14,identical_duplicate_values
la_poza,La Poza,2022-10-25,min,2,1,0.73,0.73,ok,raw_data/la_poza/la poza 1.xls; raw_data/la_poza/la poza(2).xls,15; 14,identical_duplicate_values
la_poza,La Poza,2022-10-26,max,2,1,5.18,5.18,ok,raw_data/la_poza/la poza 1.xls; raw_data/la_poza/la poza(2).xls,16; 15,identical_duplicate_values
la_poza,La Poza,2022-10-26,mean,2,1,3.101,3.101,ok,raw_data/la_poza/la poza 1.xls; raw_data/la_poza/la poza(2).xls,16; 15,identical_duplicate_values
la_poza,La Poza,2022-10-26,min,2,1,0.46,0.46,ok,raw_data/la_poza/la poza 1.xls; raw_data/la_poza/la poza(2).xls,16; 15,identical_duplicate_values
la_poza,La Poza,2022-10-27,max,2,1,6.53,6.53,ok,raw_data/la_poza/la poza 1.xls; raw_data/la_poza/la poza(2).xls,17; 16,identical_duplicate_values
la_poza,La Poza,2022-10-27,mean,2,1,3.76,3.76,ok,raw_data/la_poza/la poza 1.xls; raw_data/la_poza/la poza(2).xls,17; 16,identical_duplicate_values
la_poza,La Poza,2022-10-27,min,2,1,0.97,0.97,ok,raw_data/la_poza/la poza 1.xls; raw_data/la_poza/la poza(2).xls,17; 16,identical_duplicate_values
la_poza,La Poza,2022-10-28,max,2,1,22.76,22.76,ok,raw_data/la_poza/la poza 1.xls; raw_data/la_poza/la poza(2).xls,18; 17,identical_duplicate_values
la_poza,La Poza,2022-10-28,mean,2,1,6.519,6.519,ok,raw_data/la_poza/la poza 1.xls; raw_data/la_poza/la poza(2).xls,18; 17,identical_duplicate_values
la_poza,La Poza,2022-10-28,min,2,1,2.03,2.03,ok,raw_data/la_poza/la poza 1.xls; raw_data/la_poza/la poza(2).xls,18; 17,identical_duplicate_values
la_poza,La Poza,2022-10-29,max,2,1,16.01,16.01,ok,raw_data/la_poza/la poza 1.xls; raw_data/la_poza/la poza(2).xls,19; 18,identical_duplicate_values
la_poza,La Poza,2022-10-29,mean,2,1,6.78,6.78,ok,raw_data/la_poza/la poza 1.xls; raw_data/la_poza/la poza(2).xls,19; 18,identical_duplicate_values
la_poza,La Poza,2022-10-29,min,2,1,3.05,3.05,ok,raw_data/la_poza/la poza 1.xls; raw_data/la_poza/la poza(2).xls,19; 18,identical_duplicate_values
la_poza,La Poza,2022-10-30,max,2,1,15.06,15.06,ok,raw_data/la_poza/la poza 1.xls; raw_data/la_poza/la poza(2).xls,20; 19,identical_duplicate_values
la_poza,La Poza,2022-10-30,mean,2,1,4.125,4.125,ok,raw_data/la_poza/la poza 1.xls; raw_data/la_poza/la poza(2).xls,20; 19,identical_duplicate_values
la_poza,La Poza,2022-10-30,min,2,1,1.15,1.15,ok,raw_data/la_poza/la poza 1.xls; raw_data/la_poza/la poza(2).xls,20; 19,identical_duplicate_values
la_poza,La Poza,2022-10-31,max,2,1,10.79,10.79,ok,raw_data/la_poza/la poza 1.xls; raw_data/la_poza/la poza(2).xls,21; 20,identical_duplicate_values
la_poza,La Poza,2022-10-31,mean,2,1,3.214,3.214,ok,raw_data/la_poza/la poza 1.xls; raw_data/la_poza/la poza(2).xls,21; 20,identical_duplicate_values
la_poza,La Poza,2022-10-31,min,2,1,1.04,1.04,ok,raw_data/la_poza/la poza 1.xls; raw_data/la_poza/la poza(2).xls,21; 20,identical_duplicate_values
la_poza,La Poza,2022-11-01,max,2,1,5.57,5.57,ok,raw_data/la_poza/la poza 1.xls; raw_data/la_poza/la poza(2).xls,22; 21,identical_duplicate_values
la_poza,La Poza,2022-11-01,mean,2,1,3.101,3.101,ok,raw_data/la_poza/la poza 1.xls; raw_data/la_poza/la poza(2).xls,22; 21,identical_duplicate_values
la_poza,La Poza,2022-11-01,min,2,1,1.34,1.34,ok,raw_data/la_poza/la poza 1.xls; raw_data/la_poza/la poza(2).xls,22; 21,identical_duplicate_values
la_poza,La Poza,2022-11-02,max,2,1,11.04,11.04,ok,raw_data/la_poza/la poza 1.xls; raw_data/la_poza/la poza(2).xls,23; 22,identical_duplicate_values
la_poza,La Poza,2022-11-02,mean,2,1,3.82,3.82,ok,raw_data/la_poza/la poza 1.xls; raw_data/la_poza/la poza(2).xls,23; 22,identical_duplicate_values
la_poza,La Poza,2022-11-02,min,2,1,1.16,1.16,ok,raw_data/la_poza/la poza 1.xls; raw_data/la_poza/la poza(2).xls,23; 22,identical_duplicate_values
la_poza,La Poza,2022-11-03,max,2,1,11.27,11.27,ok,raw_data/la_poza/la poza 1.xls; raw_data/la_poza/la poza(2).xls,24; 23,identical_duplicate_values
la_poza,La Poza,2022-11-03,mean,2,1,3.821,3.821,ok,raw_data/la_poza/la poza 1.xls; raw_data/la_poza/la poza(2).xls,24; 23,identical_duplicate_values
la_poza,La Poza,2022-11-03,min,2,1,1.9,1.9,ok,raw_data/la_poza/la poza 1.xls; raw_data/la_poza/la poza(2).xls,24; 23,identical_duplicate_values
la_poza,La Poza,2022-11-04,max,2,1,5.29,5.29,ok,raw_data/la_poza/la poza 1.xls; raw_data/la_poza/la poza(2).xls,25; 24,identical_duplicate_values
la_poza,La Poza,2022-11-04,mean,2,1,3.667,3.667,ok,raw_data/la_poza/la poza 1.xls; raw_data/la_poza/la poza(2).xls,25; 24,identical_duplicate_values
la_poza,La Poza,2022-11-04,min,2,1,2.08,2.08,ok,raw_data/la_poza/la poza 1.xls; raw_data/la_poza/la poza(2).xls,25; 24,identical_duplicate_values
la_poza,La Poza,2022-11-05,max,2,1,6.31,6.31,ok,raw_data/la_poza/la poza 1.xls; raw_data/la_poza/la poza(2).xls,26; 25,identical_duplicate_values
la_poza,La Poza,2022-11-05,mean,2,1,4.283,4.283,ok,raw_data/la_poza/la poza 1.xls; raw_data/la_poza/la poza(2).xls,26; 25,identical_duplicate_values
la_poza,La Poza,2022-11-05,min,2,1,3.2,3.2,ok,raw_data/la_poza/la poza 1.xls; raw_data/la_poza/la poza(2).xls,26; 25,identical_duplicate_values
la_poza,La Poza,2022-11-06,max,2,1,17.8,17.8,ok,raw_data/la_poza/la poza 1.xls; raw_data/la_poza/la poza(2).xls,27; 26,identical_duplicate_values
la_poza,La Poza,2022-11-06,mean,2,1,8.869,8.869,ok,raw_data/la_poza/la poza 1.xls; raw_data/la_poza/la poza(2).xls,27; 26,identical_duplicate_values
la_poza,La Poza,2022-11-06,min,2,1,3.96,3.96,ok,raw_data/la_poza/la poza 1.xls; raw_data/la_poza/la poza(2).xls,27; 26,identical_duplicate_values
la_poza,La Poza,2022-11-07,max,2,1,26.82,26.82,ok,raw_data/la_poza/la poza 1.xls; raw_data/la_poza/la poza(2).xls,28; 27,identical_duplicate_values
la_poza,La Poza,2022-11-07,mean,2,1,17.786,17.786,ok,raw_data/la_poza/la poza 1.xls; raw_data/la_poza/la poza(2).xls,28; 27,identical_duplicate_values
la_poza,La Poza,2022-11-07,min,2,1,13.02,13.02,ok,raw_data/la_poza/la poza 1.xls; raw_data/la_poza/la poza(2).xls,28; 27,identical_duplicate_values
la_poza,La Poza,2022-11-08,max,2,1,19.87,19.87,ok,raw_data/la_poza/la poza 1.xls; raw_data/la_poza/la poza(2).xls,29; 28,identical_duplicate_values
la_poza,La Poza,2022-11-08,mean,2,1,13.526,13.526,ok,raw_data/la_poza/la poza 1.xls; raw_data/la_poza/la poza(2).xls,29; 28,identical_duplicate_values
la_poza,La Poza,2022-11-08,min,2,1,7.87,7.87,ok,raw_data/la_poza/la poza 1.xls; raw_data/la_poza/la poza(2).xls,29; 28,identical_duplicate_values
la_poza,La Poza,2022-11-09,max,2,1,20.12,20.12,ok,raw_data/la_poza/la poza 1.xls; raw_data/la_poza/la poza(2).xls,30; 29,identical_duplicate_values
la_poza,La Poza,2022-11-09,mean,2,1,13.489,13.489,ok,raw_data/la_poza/la poza 1.xls; raw_data/la_poza/la poza(2).xls,30; 29,identical_duplicate_values
la_poza,La Poza,2022-11-09,min,2,1,8.29,8.29,ok,raw_data/la_poza/la poza 1.xls; raw_data/la_poza/la poza(2).xls,30; 29,identical_duplicate_values
la_poza,La Poza,2022-11-10,max,2,1,28.02,28.02,ok,raw_data/la_poza/la poza 1.xls; raw_data/la_poza/la poza(2).xls,31; 30,identical_duplicate_values
la_poza,La Poza,2022-11-10,mean,2,1,16.357,16.357,ok,raw_data/la_poza/la poza 1.xls; raw_data/la_poza/la poza(2).xls,31; 30,identical_duplicate_values
la_poza,La Poza,2022-11-10,min,2,1,13.95,13.95,ok,raw_data/la_poza/la poza 1.xls; raw_data/la_poza/la poza(2).xls,31; 30,identical_duplicate_values
la_poza,La Poza,2022-11-11,max,2,1,21.71,21.71,ok,raw_data/la_poza/la poza 1.xls; raw_data/la_poza/la poza(2).xls,32; 31,identical_duplicate_values
la_poza,La Poza,2022-11-11,mean,2,1,14.898,14.898,ok,raw_data/la_poza/la poza 1.xls; raw_data/la_poza/la poza(2).xls,32; 31,identical_duplicate_values
la_poza,La Poza,2022-11-11,min,2,1,11.33,11.33,ok,raw_data/la_poza/la poza 1.xls; raw_data/la_poza/la poza(2).xls,32; 31,identical_duplicate_values
la_poza,La Poza,2022-11-12,max,2,1,13.95,13.95,ok,raw_data/la_poza/la poza 1.xls; raw_data/la_poza/la poza(2).xls,33; 32,identical_duplicate_values
la_poza,La Poza,2022-11-12,mean,2,1,11.752,11.752,ok,raw_data/la_poza/la poza 1.xls; raw_data/la_poza/la poza(2).xls,33; 32,identical_duplicate_values
la_poza,La Poza,2022-11-12,min,2,1,10.06,10.06,ok,raw_data/la_poza/la poza 1.xls; raw_data/la_poza/la poza(2).xls,33; 32,identical_duplicate_values
la_poza,La Poza,2022-11-13,max,2,1,16.93,16.93,ok,raw_data/la_poza/la poza 1.xls; raw_data/la_poza/la poza(2).xls,34; 33,identical_duplicate_values
la_poza,La Poza,2022-11-13,mean,2,1,12.941,12.941,ok,raw_data/la_poza/la poza 1.xls; raw_data/la_poza/la poza(2).xls,34; 33,identical_duplicate_values
la_poza,La Poza,2022-11-13,min,2,1,10.49,10.49,ok,raw_data/la_poza/la poza 1.xls; raw_data/la_poza/la poza(2).xls,34; 33,identical_duplicate_values
la_poza,La Poza,2022-11-14,max,2,1,17.19,17.19,ok,raw_data/la_poza/la poza 1.xls; raw_data/la_poza/la poza(2).xls,35; 34,identical_duplicate_values
la_poza,La Poza,2022-11-14,mean,2,1,8.661,8.661,ok,raw_data/la_poza/la poza 1.xls; raw_data/la_poza/la poza(2).xls,35; 34,identical_duplicate_values
la_poza,La Poza,2022-11-14,min,2,1,4.35,4.35,ok,raw_data/la_poza/la poza 1.xls; raw_data/la_poza/la poza(2).xls,35; 34,identical_duplicate_values
la_poza,La Poza,2022-11-15,max,2,1,11.56,11.56,ok,raw_data/la_poza/la poza 1.xls; raw_data/la_poza/la poza(2).xls,36; 35,identical_duplicate_values
la_poza,La Poza,2022-11-15,mean,2,1,5.032,5.032,ok,raw_data/la_poza/la poza 1.xls; raw_data/la_poza/la poza(2).xls,36; 35,identical_duplicate_values
la_poza,La Poza,2022-11-15,min,2,1,1.45,1.45,ok,raw_data/la_poza/la poza 1.xls; raw_data/la_poza/la poza(2).xls,36; 35,identical_duplicate_values
la_poza,La Poza,2022-11-16,max,2,1,3.52,3.52,ok,raw_data/la_poza/la poza 1.xls; raw_data/la_poza/la poza(2).xls,37; 36,identical_duplicate_values
la_poza,La Poza,2022-11-16,mean,2,1,2.253,2.253,ok,raw_data/la_poza/la poza 1.xls; raw_data/la_poza/la poza(2).xls,37; 36,identical_duplicate_values
la_poza,La Poza,2022-11-16,min,2,1,1.33,1.33,ok,raw_data/la_poza/la poza 1.xls; raw_data/la_poza/la poza(2).xls,37; 36,identical_duplicate_values
la_poza,La Poza,2022-11-17,max,2,1,3.17,3.17,ok,raw_data/la_poza/la poza 1.xls; raw_data/la_poza/la poza(2).xls,38; 37,identical_duplicate_values
la_poza,La Poza,2022-11-17,mean,2,1,2.168,2.168,ok,raw_data/la_poza/la poza 1.xls; raw_data/la_poza/la poza(2).xls,38; 37,identical_duplicate_values
la_poza,La Poza,2022-11-17,min,2,1,1.31,1.31,ok,raw_data/la_poza/la poza 1.xls; raw_data/la_poza/la poza(2).xls,38; 37,identical_duplicate_values
la_poza,La Poza,2022-11-18,max,2,1,2.48,2.48,ok,raw_data/la_poza/la poza 1.xls; raw_data/la_poza/la poza(2).xls,39; 38,identical_duplicate_values
la_poza,La Poza,2022-11-18,mean,2,1,2.095,2.095,ok,raw_data/la_poza/la poza 1.xls; raw_data/la_poza/la poza(2).xls,39; 38,identical_duplicate_values
la_poza,La Poza,2022-11-18,min,2,1,1.28,1.28,ok,raw_data/la_poza/la poza 1.xls; raw_data/la_poza/la poza(2).xls,39; 38,identical_duplicate_values
la_poza,La Poza,2023-07-06,max,2,1,88.1,88.1,ok,raw_data/la_poza/la poza (3).xls; raw_data/la_poza/la poza (4).xls,61; 2,identical_duplicate_values
la_poza,La Poza,2023-07-06,mean,2,1,3.362,3.362,ok,raw_data/la_poza/la poza (3).xls; raw_data/la_poza/la poza (4).xls,61; 2,identical_duplicate_values
la_poza,La Poza,2023-07-06,min,2,1,0.5,0.5,ok,raw_data/la_poza/la poza (3).xls; raw_data/la_poza/la poza (4).xls,61; 2,identical_duplicate_values
la_poza,La Poza,2023-07-07,max,2,1,3.1,3.1,ok,raw_data/la_poza/la poza (3).xls; raw_data/la_poza/la poza (4).xls,62; 3,identical_duplicate_values
la_poza,La Poza,2023-07-07,mean,2,1,1.802,1.802,ok,raw_data/la_poza/la poza (3).xls; raw_data/la_poza/la poza (4).xls,62; 3,identical_duplicate_values
la_poza,La Poza,2023-07-07,min,2,1,0.9,0.9,ok,raw_data/la_poza/la poza (3).xls; raw_data/la_poza/la poza (4).xls,62; 3,identical_duplicate_values
la_poza,La Poza,2023-07-08,max,2,1,2.7,2.7,ok,raw_data/la_poza/la poza (3).xls; raw_data/la_poza/la poza (4).xls,63; 4,identical_duplicate_values
la_poza,La Poza,2023-07-08,mean,2,1,1.296,1.296,ok,raw_data/la_poza/la poza (3).xls; raw_data/la_poza/la poza (4).xls,63; 4,identical_duplicate_values
la_poza,La Poza,2023-07-08,min,2,1,0.3,0.3,ok,raw_data/la_poza/la poza (3).xls; raw_data/la_poza/la poza (4).xls,63; 4,identical_duplicate_values
la_poza,La Poza,2023-07-09,max,2,1,2.7,2.7,ok,raw_data/la_poza/la poza (3).xls; raw_data/la_poza/la poza (4).xls,64; 5,identical_duplicate_values
la_poza,La Poza,2023-07-09,mean,2,1,1.269,1.269,ok,raw_data/la_poza/la poza (3).xls; raw_data/la_poza/la poza (4).xls,64; 5,identical_duplicate_values
la_poza,La Poza,2023-07-09,min,2,1,0.2,0.2,ok,raw_data/la_poza/la poza (3).xls; raw_data/la_poza/la poza (4).xls,64; 5,identical_duplicate_values
la_poza,La Poza,2023-07-10,max,2,1,3.6,3.6,ok,raw_data/la_poza/la poza (3).xls; raw_data/la_poza/la poza (4).xls,65; 6,identical_duplicate_values
la_poza,La Poza,2023-07-10,mean,2,1,1.344,1.344,ok,raw_data/la_poza/la poza (3).xls; raw_data/la_poza/la poza (4).xls,65; 6,identical_duplicate_values
la_poza,La Poza,2023-07-10,min,2,1,0.4,0.4,ok,raw_data/la_poza/la poza (3).xls; raw_data/la_poza/la poza (4).xls,65; 6,identical_duplicate_values
la_poza,La Poza,2023-07-11,max,2,1,2.7,2.7,ok,raw_data/la_poza/la poza (3).xls; raw_data/la_poza/la poza (4).xls,66; 7,identical_duplicate_values
la_poza,La Poza,2023-07-11,mean,2,1,1.273,1.273,ok,raw_data/la_poza/la poza (3).xls; raw_data/la_poza/la poza (4).xls,66; 7,identical_duplicate_values
la_poza,La Poza,2023-07-11,min,2,1,0.2,0.2,ok,raw_data/la_poza/la poza (3).xls; raw_data/la_poza/la poza (4).xls,66; 7,identical_duplicate_values
la_poza,La Poza,2023-07-12,max,2,1,3.9,3.9,ok,raw_data/la_poza/la poza (3).xls; raw_data/la_poza/la poza (4).xls,67; 8,identical_duplicate_values
la_poza,La Poza,2023-07-12,mean,2,1,1.225,1.225,ok,raw_data/la_poza/la poza (3).xls; raw_data/la_poza/la poza (4).xls,67; 8,identical_duplicate_values
la_poza,La Poza,2023-07-12,min,2,1,0.3,0.3,ok,raw_data/la_poza/la poza (3).xls; raw_data/la_poza/la poza (4).xls,67; 8,identical_duplicate_values
la_poza,La Poza,2023-07-13,max,2,1,3.6,3.6,ok,raw_data/la_poza/la poza (3).xls; raw_data/la_poza/la poza (4).xls,68; 9,identical_duplicate_values
la_poza,La Poza,2023-07-13,mean,2,1,1.1,1.1,ok,raw_data/la_poza/la poza (3).xls; raw_data/la_poza/la poza (4).xls,68; 9,identical_duplicate_values
la_poza,La Poza,2023-07-13,min,2,1,0.3,0.3,ok,raw_data/la_poza/la poza (3).xls; raw_data/la_poza/la poza (4).xls,68; 9,identical_duplicate_values
la_poza,La Poza,2023-07-14,max,2,1,19.0,19.0,ok,raw_data/la_poza/la poza (3).xls; raw_data/la_poza/la poza (4).xls,69; 10,identical_duplicate_values
la_poza,La Poza,2023-07-14,mean,2,1,1.802,1.802,ok,raw_data/la_poza/la poza (3).xls; raw_data/la_poza/la poza (4).xls,69; 10,identical_duplicate_values
la_poza,La Poza,2023-07-14,min,2,1,0.3,0.3,ok,raw_data/la_poza/la poza (3).xls; raw_data/la_poza/la poza (4).xls,69; 10,identical_duplicate_values
la_poza,La Poza,2023-07-15,max,2,1,3.8,3.8,ok,raw_data/la_poza/la poza (3).xls; raw_data/la_poza/la poza (4).xls,70; 11,identical_duplicate_values
la_poza,La Poza,2023-07-15,mean,2,1,1.658,1.658,ok,raw_data/la_poza/la poza (3).xls; raw_data/la_poza/la poza (4).xls,70; 11,identical_duplicate_values
la_poza,La Poza,2023-07-15,min,2,1,0.3,0.3,ok,raw_data/la_poza/la poza (3).xls; raw_data/la_poza/la poza (4).xls,70; 11,identical_duplicate_values
la_poza,La Poza,2023-07-16,max,2,1,25.0,25.0,ok,raw_data/la_poza/la poza (3).xls; raw_data/la_poza/la poza (4).xls,71; 12,identical_duplicate_values
la_poza,La Poza,2023-07-16,mean,2,1,1.875,1.875,ok,raw_data/la_poza/la poza (3).xls; raw_data/la_poza/la poza (4).xls,71; 12,identical_duplicate_values
la_poza,La Poza,2023-07-16,min,2,1,0.3,0.3,ok,raw_data/la_poza/la poza (3).xls; raw_data/la_poza/la poza (4).xls,71; 12,identical_duplicate_values
la_poza,La Poza,2023-07-17,max,2,1,7.0,7.0,ok,raw_data/la_poza/la poza (3).xls; raw_data/la_poza/la poza (4).xls,72; 13,identical_duplicate_values
la_poza,La Poza,2023-07-17,mean,2,1,1.277,1.277,ok,raw_data/la_poza/la poza (3).xls; raw_data/la_poza/la poza (4).xls,72; 13,identical_duplicate_values
la_poza,La Poza,2023-07-17,min,2,1,0.2,0.2,ok,raw_data/la_poza/la poza (3).xls; raw_data/la_poza/la poza (4).xls,72; 13,identical_duplicate_values
la_poza,La Poza,2023-07-18,max,2,1,3.1,3.1,ok,raw_data/la_poza/la poza (3).xls; raw_data/la_poza/la poza (4).xls,73; 14,identical_duplicate_values
la_poza,La Poza,2023-07-18,mean,2,1,1.517,1.517,ok,raw_data/la_poza/la poza (3).xls; raw_data/la_poza/la poza (4).xls,73; 14,identical_duplicate_values
la_poza,La Poza,2023-07-18,min,2,1,0.5,0.5,ok,raw_data/la_poza/la poza (3).xls; raw_data/la_poza/la poza (4).xls,73; 14,identical_duplicate_values
la_poza,La Poza,2023-07-19,max,2,1,3.6,3.6,ok,raw_data/la_poza/la poza (3).xls; raw_data/la_poza/la poza (4).xls,74; 15,identical_duplicate_values
la_poza,La Poza,2023-07-19,mean,2,1,1.573,1.573,ok,raw_data/la_poza/la poza (3).xls; raw_data/la_poza/la poza (4).xls,74; 15,identical_duplicate_values
la_poza,La Poza,2023-07-19,min,2,1,0.7,0.7,ok,raw_data/la_poza/la poza (3).xls; raw_data/la_poza/la poza (4).xls,74; 15,identical_duplicate_values
la_poza,La Poza,2023-07-20,max,2,1,5.1,5.1,ok,raw_data/la_poza/la poza (3).xls; raw_data/la_poza/la poza (4).xls,75; 16,identical_duplicate_values
la_poza,La Poza,2023-07-20,mean,2,1,1.735,1.735,ok,raw_data/la_poza/la poza (3).xls; raw_data/la_poza/la poza (4).xls,75; 16,identical_duplicate_values
la_poza,La Poza,2023-07-20,min,2,1,0.9,0.9,ok,raw_data/la_poza/la poza (3).xls; raw_data/la_poza/la poza (4).xls,75; 16,identical_duplicate_values
la_poza,La Poza,2023-07-21,max,2,1,2.0,2.0,ok,raw_data/la_poza/la poza (3).xls; raw_data/la_poza/la poza (4).xls,76; 17,identical_duplicate_values
la_poza,La Poza,2023-07-21,mean,2,1,1.348,1.348,ok,raw_data/la_poza/la poza (3).xls; raw_data/la_poza/la poza (4).xls,76; 17,identical_duplicate_values
la_poza,La Poza,2023-07-21,min,2,1,0.7,0.7,ok,raw_data/la_poza/la poza (3).xls; raw_data/la_poza/la poza (4).xls,76; 17,identical_duplicate_values
la_poza,La Poza,2023-07-22,max,2,1,3.1,3.1,ok,raw_data/la_poza/la poza (3).xls; raw_data/la_poza/la poza (4).xls,77; 18,identical_duplicate_values
la_poza,La Poza,2023-07-22,mean,2,1,1.467,1.467,ok,raw_data/la_poza/la poza (3).xls; raw_data/la_poza/la poza (4).xls,77; 18,identical_duplicate_values
la_poza,La Poza,2023-07-22,min,2,1,0.1,0.1,ok,raw_data/la_poza/la poza (3).xls; raw_data/la_poza/la poza (4).xls,77; 18,identical_duplicate_values
la_poza,La Poza,2023-07-23,max,2,1,3.9,3.9,ok,raw_data/la_poza/la poza (3).xls; raw_data/la_poza/la poza (4).xls,78; 19,identical_duplicate_values
la_poza,La Poza,2023-07-23,mean,2,1,1.352,1.352,ok,raw_data/la_poza/la poza (3).xls; raw_data/la_poza/la poza (4).xls,78; 19,identical_duplicate_values
la_poza,La Poza,2023-07-23,min,2,1,0.6,0.6,ok,raw_data/la_poza/la poza (3).xls; raw_data/la_poza/la poza (4).xls,78; 19,identical_duplicate_values
la_poza,La Poza,2023-07-24,max,2,1,2.6,2.6,ok,raw_data/la_poza/la poza (3).xls; raw_data/la_poza/la poza (4).xls,79; 20,identical_duplicate_values
la_poza,La Poza,2023-07-24,mean,2,1,0.769,0.769,ok,raw_data/la_poza/la poza (3).xls; raw_data/la_poza/la poza (4).xls,79; 20,identical_duplicate_values
la_poza,La Poza,2023-07-24,min,2,1,-0.1,-0.1,invalid_negative,raw_data/la_poza/la poza (3).xls; raw_data/la_poza/la poza (4).xls,79; 20,identical_duplicate_values
la_poza,La Poza,2023-07-25,max,2,1,2.9,2.9,ok,raw_data/la_poza/la poza (3).xls; raw_data/la_poza/la poza (4).xls,80; 21,identical_duplicate_values
la_poza,La Poza,2023-07-25,mean,2,1,1.127,1.127,ok,raw_data/la_poza/la poza (3).xls; raw_data/la_poza/la poza (4).xls,80; 21,identical_duplicate_values
la_poza,La Poza,2023-07-25,min,2,1,0.3,0.3,ok,raw_data/la_poza/la poza (3).xls; raw_data/la_poza/la poza (4).xls,80; 21,identical_duplicate_values
la_poza,La Poza,2023-07-26,max,2,1,4.2,4.2,ok,raw_data/la_poza/la poza (3).xls; raw_data/la_poza/la poza (4).xls,81; 22,identical_duplicate_values
la_poza,La Poza,2023-07-26,mean,2,1,1.248,1.248,ok,raw_data/la_poza/la poza (3).xls; raw_data/la_poza/la poza (4).xls,81; 22,identical_duplicate_values
la_poza,La Poza,2023-07-26,min,2,1,0.1,0.1,ok,raw_data/la_poza/la poza (3).xls; raw_data/la_poza/la poza (4).xls,81; 22,identical_duplicate_values
la_poza,La Poza,2023-07-27,max,2,1,14.5,14.5,ok,raw_data/la_poza/la poza (3).xls; raw_data/la_poza/la poza (4).xls,82; 23,identical_duplicate_values
la_poza,La Poza,2023-07-27,mean,2,1,1.519,1.519,ok,raw_data/la_poza/la poza (3).xls; raw_data/la_poza/la poza (4).xls,82; 23,identical_duplicate_values
la_poza,La Poza,2023-07-27,min,2,1,0.3,0.3,ok,raw_data/la_poza/la poza (3).xls; raw_data/la_poza/la poza (4).xls,82; 23,identical_duplicate_values
la_poza,La Poza,2023-07-28,max,2,1,2.9,2.9,ok,raw_data/la_poza/la poza (3).xls; raw_data/la_poza/la poza (4).xls,83; 24,identical_duplicate_values
la_poza,La Poza,2023-07-28,mean,2,1,1.0,1.0,ok,raw_data/la_poza/la poza (3).xls; raw_data/la_poza/la poza (4).xls,83; 24,identical_duplicate_values
la_poza,La Poza,2023-07-28,min,2,1,0.1,0.1,ok,raw_data/la_poza/la poza (3).xls; raw_data/la_poza/la poza (4).xls,83; 24,identical_duplicate_values
la_poza,La Poza,2023-07-29,max,2,1,3.6,3.6,ok,raw_data/la_poza/la poza (3).xls; raw_data/la_poza/la poza (4).xls,84; 25,identical_duplicate_values
la_poza,La Poza,2023-07-29,mean,2,1,1.367,1.367,ok,raw_data/la_poza/la poza (3).xls; raw_data/la_poza/la poza (4).xls,84; 25,identical_duplicate_values
la_poza,La Poza,2023-07-29,min,2,1,0.4,0.4,ok,raw_data/la_poza/la poza (3).xls; raw_data/la_poza/la poza (4).xls,84; 25,identical_duplicate_values
la_poza,La Poza,2023-07-30,max,2,1,3.2,3.2,ok,raw_data/la_poza/la poza (3).xls; raw_data/la_poza/la poza (4).xls,85; 26,identical_duplicate_values
la_poza,La Poza,2023-07-30,mean,2,1,1.017,1.017,ok,raw_data/la_poza/la poza (3).xls; raw_data/la_poza/la poza (4).xls,85; 26,identical_duplicate_values
la_poza,La Poza,2023-07-30,min,2,1,0.1,0.1,ok,raw_data/la_poza/la poza (3).xls; raw_data/la_poza/la poza (4).xls,85; 26,identical_duplicate_values
la_poza,La Poza,2023-07-31,max,2,1,3.3,3.3,ok,raw_data/la_poza/la poza (3).xls; raw_data/la_poza/la poza (4).xls,86; 27,identical_duplicate_values
la_poza,La Poza,2023-07-31,mean,2,1,1.477,1.477,ok,raw_data/la_poza/la poza (3).xls; raw_data/la_poza/la poza (4).xls,86; 27,identical_duplicate_values
la_poza,La Poza,2023-07-31,min,2,1,0.3,0.3,ok,raw_data/la_poza/la poza (3).xls; raw_data/la_poza/la poza (4).xls,86; 27,identical_duplicate_values
la_poza,La Poza,2023-08-01,max,2,1,3.9,3.9,ok,raw_data/la_poza/la poza (3).xls; raw_data/la_poza/la poza (4).xls,87; 28,identical_duplicate_values
la_poza,La Poza,2023-08-01,mean,2,1,1.929,1.929,ok,raw_data/la_poza/la poza (3).xls; raw_data/la_poza/la poza (4).xls,87; 28,identical_duplicate_values
la_poza,La Poza,2023-08-01,min,2,1,1.2,1.2,ok,raw_data/la_poza/la poza (3).xls; raw_data/la_poza/la poza (4).xls,87; 28,identical_duplicate_values
la_poza,La Poza,2023-08-02,max,2,1,3.3,3.3,ok,raw_data/la_poza/la poza (3).xls; raw_data/la_poza/la poza (4).xls,88; 29,identical_duplicate_values
la_poza,La Poza,2023-08-02,mean,2,1,1.538,1.538,ok,raw_data/la_poza/la poza (3).xls; raw_data/la_poza/la poza (4).xls,88; 29,identical_duplicate_values
la_poza,La Poza,2023-08-02,min,2,1,0.3,0.3,ok,raw_data/la_poza/la poza (3).xls; raw_data/la_poza/la poza (4).xls,88; 29,identical_duplicate_values
la_poza,La Poza,2023-08-03,max,2,1,3.5,3.5,ok,raw_data/la_poza/la poza (3).xls; raw_data/la_poza/la poza (4).xls,89; 30,identical_duplicate_values
la_poza,La Poza,2023-08-03,mean,2,1,1.169,1.169,ok,raw_data/la_poza/la poza (3).xls; raw_data/la_poza/la poza (4).xls,89; 30,identical_duplicate_values
la_poza,La Poza,2023-08-03,min,2,1,0.1,0.1,ok,raw_data/la_poza/la poza (3).xls; raw_data/la_poza/la poza (4).xls,89; 30,identical_duplicate_values
la_poza,La Poza,2023-08-04,max,2,1,3.8,3.8,ok,raw_data/la_poza/la poza (3).xls; raw_data/la_poza/la poza (4).xls,90; 31,identical_duplicate_values
la_poza,La Poza,2023-08-04,mean,2,1,1.017,1.017,ok,raw_data/la_poza/la poza (3).xls; raw_data/la_poza/la poza (4).xls,90; 31,identical_duplicate_values
la_poza,La Poza,2023-08-04,min,2,1,0.0,0.0,ok,raw_data/la_poza/la poza (3).xls; raw_data/la_poza/la poza (4).xls,90; 31,identical_duplicate_values
la_poza,La Poza,2023-08-05,max,2,1,3.2,3.2,ok,raw_data/la_poza/la poza (3).xls; raw_data/la_poza/la poza (4).xls,91; 32,identical_duplicate_values
la_poza,La Poza,2023-08-05,mean,2,1,1.073,1.073,ok,raw_data/la_poza/la poza (3).xls; raw_data/la_poza/la poza (4).xls,91; 32,identical_duplicate_values
la_poza,La Poza,2023-08-05,min,2,1,0.0,0.0,ok,raw_data/la_poza/la poza (3).xls; raw_data/la_poza/la poza (4).xls,91; 32,identical_duplicate_values
la_poza,La Poza,2023-08-06,max,2,1,2.7,2.7,ok,raw_data/la_poza/la poza (3).xls; raw_data/la_poza/la poza (4).xls,92; 33,identical_duplicate_values
la_poza,La Poza,2023-08-06,mean,2,1,0.988,0.988,ok,raw_data/la_poza/la poza (3).xls; raw_data/la_poza/la poza (4).xls,92; 33,identical_duplicate_values
la_poza,La Poza,2023-08-06,min,2,1,0.1,0.1,ok,raw_data/la_poza/la poza (3).xls; raw_data/la_poza/la poza (4).xls,92; 33,identical_duplicate_values
la_poza,La Poza,2023-10-06,max,2,1,4.7,4.7,ok,raw_data/la_poza/la poza (4).xls; raw_data/la_poza/la poza (5).xls,94; 2,identical_duplicate_values
la_poza,La Poza,2023-10-06,mean,2,1,2.548,2.548,ok,raw_data/la_poza/la poza (4).xls; raw_data/la_poza/la poza (5).xls,94; 2,identical_duplicate_values
la_poza,La Poza,2023-10-06,min,2,1,0.8,0.8,ok,raw_data/la_poza/la poza (4).xls; raw_data/la_poza/la poza (5).xls,94; 2,identical_duplicate_values
la_poza,La Poza,2023-12-06,max,2,1,2.7,2.7,ok,raw_data/la_poza/la poza (5).xls; raw_data/la_poza/la poza(6).xls,63; 2,identical_duplicate_values
la_poza,La Poza,2023-12-06,mean,2,1,-3.12,-3.12,invalid_negative,raw_data/la_poza/la poza (5).xls; raw_data/la_poza/la poza(6).xls,63; 2,identical_duplicate_values
la_poza,La Poza,2023-12-06,min,2,1,-99.0,-99.0,invalid_sentinel,raw_data/la_poza/la poza (5).xls; raw_data/la_poza/la poza(6).xls,63; 2,identical_duplicate_values
la_poza,La Poza,2023-12-07,max,2,1,2.3,2.3,ok,raw_data/la_poza/la poza (5).xls; raw_data/la_poza/la poza(6).xls,64; 3,identical_duplicate_values
la_poza,La Poza,2023-12-07,mean,2,1,-0.985,-0.985,invalid_negative,raw_data/la_poza/la poza (5).xls; raw_data/la_poza/la poza(6).xls,64; 3,identical_duplicate_values
la_poza,La Poza,2023-12-07,min,2,1,-99.0,-99.0,invalid_sentinel,raw_data/la_poza/la poza (5).xls; raw_data/la_poza/la poza(6).xls,64; 3,identical_duplicate_values
la_poza,La Poza,2023-12-08,max,2,1,1.8,1.8,ok,raw_data/la_poza/la poza (5).xls; raw_data/la_poza/la poza(6).xls,65; 4,identical_duplicate_values
la_poza,La Poza,2023-12-08,mean,2,1,1.373,1.373,ok,raw_data/la_poza/la poza (5).xls; raw_data/la_poza/la poza(6).xls,65; 4,identical_duplicate_values
la_poza,La Poza,2023-12-08,min,2,1,0.6,0.6,ok,raw_data/la_poza/la poza (5).xls; raw_data/la_poza/la poza(6).xls,65; 4,identical_duplicate_values
la_poza,La Poza,2023-12-09,max,2,1,3.8,3.8,ok,raw_data/la_poza/la poza (5).xls; raw_data/la_poza/la poza(6).xls,66; 5,identical_duplicate_values
la_poza,La Poza,2023-12-09,mean,2,1,1.563,1.563,ok,raw_data/la_poza/la poza (5).xls; raw_data/la_poza/la poza(6).xls,66; 5,identical_duplicate_values
la_poza,La Poza,2023-12-09,min,2,1,0.3,0.3,ok,raw_data/la_poza/la poza (5).xls; raw_data/la_poza/la poza(6).xls,66; 5,identical_duplicate_values
la_poza,La Poza,2023-12-10,max,2,1,3.3,3.3,ok,raw_data/la_poza/la poza (5).xls; raw_data/la_poza/la poza(6).xls,67; 6,identical_duplicate_values
la_poza,La Poza,2023-12-10,mean,2,1,-15.567,-15.567,invalid_negative,raw_data/la_poza/la poza (5).xls; raw_data/la_poza/la poza(6).xls,67; 6,identical_duplicate_values
la_poza,La Poza,2023-12-10,min,2,1,-99.0,-99.0,invalid_sentinel,raw_data/la_poza/la poza (5).xls; raw_data/la_poza/la poza(6).xls,67; 6,identical_duplicate_values
la_poza,La Poza,2023-12-11,max,2,1,1.1,1.1,ok,raw_data/la_poza/la poza (5).xls; raw_data/la_poza/la poza(6).xls,68; 7,identical_duplicate_values
la_poza,La Poza,2023-12-11,mean,2,1,0.74,0.74,ok,raw_data/la_poza/la poza (5).xls; raw_data/la_poza/la poza(6).xls,68; 7,identical_duplicate_values
la_poza,La Poza,2023-12-11,min,2,1,0.2,0.2,ok,raw_data/la_poza/la poza (5).xls; raw_data/la_poza/la poza(6).xls,68; 7,identical_duplicate_values
la_poza,La Poza,2023-12-12,max,2,1,1.6,1.6,ok,raw_data/la_poza/la poza (5).xls; raw_data/la_poza/la poza(6).xls,69; 8,identical_duplicate_values
la_poza,La Poza,2023-12-12,mean,2,1,0.691,0.691,ok,raw_data/la_poza/la poza (5).xls; raw_data/la_poza/la poza(6).xls,69; 8,identical_duplicate_values
la_poza,La Poza,2023-12-12,min,2,1,0.2,0.2,ok,raw_data/la_poza/la poza (5).xls; raw_data/la_poza/la poza(6).xls,69; 8,identical_duplicate_values
la_poza,La Poza,2023-12-13,max,2,1,1.4,1.4,ok,raw_data/la_poza/la poza (5).xls; raw_data/la_poza/la poza(6).xls,70; 9,identical_duplicate_values
la_poza,La Poza,2023-12-13,mean,2,1,-7.667,-7.667,invalid_negative,raw_data/la_poza/la poza (5).xls; raw_data/la_poza/la poza(6).xls,70; 9,identical_duplicate_values
la_poza,La Poza,2023-12-13,min,2,1,-99.0,-99.0,invalid_sentinel,raw_data/la_poza/la poza (5).xls; raw_data/la_poza/la poza(6).xls,70; 9,identical_duplicate_values
la_poza,La Poza,2023-12-14,max,2,1,0.6,0.6,ok,raw_data/la_poza/la poza (5).xls; raw_data/la_poza/la poza(6).xls,71; 10,identical_duplicate_values
la_poza,La Poza,2023-12-14,mean,2,1,-29.177,-29.177,invalid_negative,raw_data/la_poza/la poza (5).xls; raw_data/la_poza/la poza(6).xls,71; 10,identical_duplicate_values
la_poza,La Poza,2023-12-14,min,2,1,-99.0,-99.0,invalid_sentinel,raw_data/la_poza/la poza (5).xls; raw_data/la_poza/la poza(6).xls,71; 10,identical_duplicate_values
la_poza,La Poza,2023-12-15,max,2,1,0.9,0.9,ok,raw_data/la_poza/la poza (5).xls; raw_data/la_poza/la poza(6).xls,72; 11,identical_duplicate_values
la_poza,La Poza,2023-12-15,mean,2,1,-53.317,-53.317,invalid_negative,raw_data/la_poza/la poza (5).xls; raw_data/la_poza/la poza(6).xls,72; 11,identical_duplicate_values
la_poza,La Poza,2023-12-15,min,2,1,-99.0,-99.0,invalid_sentinel,raw_data/la_poza/la poza (5).xls; raw_data/la_poza/la poza(6).xls,72; 11,identical_duplicate_values
la_poza,La Poza,2023-12-16,max,2,1,-99.0,-99.0,invalid_sentinel,raw_data/la_poza/la poza (5).xls; raw_data/la_poza/la poza(6).xls,73; 12,identical_duplicate_values
la_poza,La Poza,2023-12-16,mean,2,1,-99.0,-99.0,invalid_sentinel,raw_data/la_poza/la poza (5).xls; raw_data/la_poza/la poza(6).xls,73; 12,identical_duplicate_values
la_poza,La Poza,2023-12-16,min,2,1,-99.0,-99.0,invalid_sentinel,raw_data/la_poza/la poza (5).xls; raw_data/la_poza/la poza(6).xls,73; 12,identical_duplicate_values
la_poza,La Poza,2023-12-17,max,2,1,-99.0,-99.0,invalid_sentinel,raw_data/la_poza/la poza (5).xls; raw_data/la_poza/la poza(6).xls,74; 13,identical_duplicate_values
la_poza,La Poza,2023-12-17,mean,2,1,-99.0,-99.0,invalid_sentinel,raw_data/la_poza/la poza (5).xls; raw_data/la_poza/la poza(6).xls,74; 13,identical_duplicate_values
la_poza,La Poza,2023-12-17,min,2,1,-99.0,-99.0,invalid_sentinel,raw_data/la_poza/la poza (5).xls; raw_data/la_poza/la poza(6).xls,74; 13,identical_duplicate_values
la_poza,La Poza,2023-12-18,max,2,1,-99.0,-99.0,invalid_sentinel,raw_data/la_poza/la poza (5).xls; raw_data/la_poza/la poza(6).xls,75; 14,identical_duplicate_values
la_poza,La Poza,2023-12-18,mean,2,1,-99.0,-99.0,invalid_sentinel,raw_data/la_poza/la poza (5).xls; raw_data/la_poza/la poza(6).xls,75; 14,identical_duplicate_values
la_poza,La Poza,2023-12-18,min,2,1,-99.0,-99.0,invalid_sentinel,raw_data/la_poza/la poza (5).xls; raw_data/la_poza/la poza(6).xls,75; 14,identical_duplicate_values
la_poza,La Poza,2023-12-19,max,2,1,-99.0,-99.0,invalid_sentinel,raw_data/la_poza/la poza (5).xls; raw_data/la_poza/la poza(6).xls,76; 15,identical_duplicate_values
la_poza,La Poza,2023-12-19,mean,2,1,-99.0,-99.0,invalid_sentinel,raw_data/la_poza/la poza (5).xls; raw_data/la_poza/la poza(6).xls,76; 15,identical_duplicate_values
la_poza,La Poza,2023-12-19,min,2,1,-99.0,-99.0,invalid_sentinel,raw_data/la_poza/la poza (5).xls; raw_data/la_poza/la poza(6).xls,76; 15,identical_duplicate_values
la_poza,La Poza,2024-02-07,max,2,1,4.7,4.7,ok,raw_data/la_poza/la poza(6).xls; raw_data/la_poza/la poza(7).xls,16; 2,identical_duplicate_values
la_poza,La Poza,2024-02-07,mean,2,1,3.733,3.733,ok,raw_data/la_poza/la poza(6).xls; raw_data/la_poza/la poza(7).xls,16; 2,identical_duplicate_values
la_poza,La Poza,2024-02-07,min,2,1,2.0,2.0,ok,raw_data/la_poza/la poza(6).xls; raw_data/la_poza/la poza(7).xls,16; 2,identical_duplicate_values
la_poza,La Poza,2024-02-08,max,2,1,6.0,6.0,ok,raw_data/la_poza/la poza(6).xls; raw_data/la_poza/la poza(7).xls,17; 3,identical_duplicate_values
la_poza,La Poza,2024-02-08,mean,2,1,3.042,3.042,ok,raw_data/la_poza/la poza(6).xls; raw_data/la_poza/la poza(7).xls,17; 3,identical_duplicate_values
la_poza,La Poza,2024-02-08,min,2,1,0.7,0.7,ok,raw_data/la_poza/la poza(6).xls; raw_data/la_poza/la poza(7).xls,17; 3,identical_duplicate_values
la_poza,La Poza,2024-02-09,max,2,1,6.3,6.3,ok,raw_data/la_poza/la poza(6).xls; raw_data/la_poza/la poza(7).xls,18; 4,identical_duplicate_values
la_poza,La Poza,2024-02-09,mean,2,1,2.938,2.938,ok,raw_data/la_poza/la poza(6).xls; raw_data/la_poza/la poza(7).xls,18; 4,identical_duplicate_values
la_poza,La Poza,2024-02-09,min,2,1,0.6,0.6,ok,raw_data/la_poza/la poza(6).xls; raw_data/la_poza/la poza(7).xls,18; 4,identical_duplicate_values
la_poza,La Poza,2024-02-10,max,2,1,4.2,4.2,ok,raw_data/la_poza/la poza(6).xls; raw_data/la_poza/la poza(7).xls,19; 5,identical_duplicate_values
la_poza,La Poza,2024-02-10,mean,2,1,2.525,2.525,ok,raw_data/la_poza/la poza(6).xls; raw_data/la_poza/la poza(7).xls,19; 5,identical_duplicate_values
la_poza,La Poza,2024-02-10,min,2,1,0.9,0.9,ok,raw_data/la_poza/la poza(6).xls; raw_data/la_poza/la poza(7).xls,19; 5,identical_duplicate_values
la_poza,La Poza,2024-02-11,max,2,1,5.4,5.4,ok,raw_data/la_poza/la poza(6).xls; raw_data/la_poza/la poza(7).xls,20; 6,identical_duplicate_values
la_poza,La Poza,2024-02-11,mean,2,1,3.858,3.858,ok,raw_data/la_poza/la poza(6).xls; raw_data/la_poza/la poza(7).xls,20; 6,identical_duplicate_values
la_poza,La Poza,2024-02-11,min,2,1,1.9,1.9,ok,raw_data/la_poza/la poza(6).xls; raw_data/la_poza/la poza(7).xls,20; 6,identical_duplicate_values
la_poza,La Poza,2024-02-12,max,2,1,6.2,6.2,ok,raw_data/la_poza/la poza(6).xls; raw_data/la_poza/la poza(7).xls,21; 7,identical_duplicate_values
la_poza,La Poza,2024-02-12,mean,2,1,3.533,3.533,ok,raw_data/la_poza/la poza(6).xls; raw_data/la_poza/la poza(7).xls,21; 7,identical_duplicate_values
la_poza,La Poza,2024-02-12,min,2,1,1.1,1.1,ok,raw_data/la_poza/la poza(6).xls; raw_data/la_poza/la poza(7).xls,21; 7,identical_duplicate_values
la_poza,La Poza,2024-02-13,max,2,1,6.3,6.3,ok,raw_data/la_poza/la poza(6).xls; raw_data/la_poza/la poza(7).xls,22; 8,identical_duplicate_values
la_poza,La Poza,2024-02-13,mean,2,1,3.358,3.358,ok,raw_data/la_poza/la poza(6).xls; raw_data/la_poza/la poza(7).xls,22; 8,identical_duplicate_values
la_poza,La Poza,2024-02-13,min,2,1,1.0,1.0,ok,raw_data/la_poza/la poza(6).xls; raw_data/la_poza/la poza(7).xls,22; 8,identical_duplicate_values
la_poza,La Poza,2024-02-14,max,2,1,6.7,6.7,ok,raw_data/la_poza/la poza(6).xls; raw_data/la_poza/la poza(7).xls,23; 9,identical_duplicate_values
la_poza,La Poza,2024-02-14,mean,2,1,2.798,2.798,ok,raw_data/la_poza/la poza(6).xls; raw_data/la_poza/la poza(7).xls,23; 9,identical_duplicate_values
la_poza,La Poza,2024-02-14,min,2,1,0.5,0.5,ok,raw_data/la_poza/la poza(6).xls; raw_data/la_poza/la poza(7).xls,23; 9,identical_duplicate_values
la_poza,La Poza,2024-02-15,max,2,1,4.4,4.4,ok,raw_data/la_poza/la poza(6).xls; raw_data/la_poza/la poza(7).xls,24; 10,identical_duplicate_values
la_poza,La Poza,2024-02-15,mean,2,1,2.469,2.469,ok,raw_data/la_poza/la poza(6).xls; raw_data/la_poza/la poza(7).xls,24; 10,identical_duplicate_values
la_poza,La Poza,2024-02-15,min,2,1,0.6,0.6,ok,raw_data/la_poza/la poza(6).xls; raw_data/la_poza/la poza(7).xls,24; 10,identical_duplicate_values
la_poza,La Poza,2024-02-16,max,2,1,4.6,4.6,ok,raw_data/la_poza/la poza(6).xls; raw_data/la_poza/la poza(7).xls,25; 11,identical_duplicate_values
la_poza,La Poza,2024-02-16,mean,2,1,2.858,2.858,ok,raw_data/la_poza/la poza(6).xls; raw_data/la_poza/la poza(7).xls,25; 11,identical_duplicate_values
la_poza,La Poza,2024-02-16,min,2,1,0.9,0.9,ok,raw_data/la_poza/la poza(6).xls; raw_data/la_poza/la poza(7).xls,25; 11,identical_duplicate_values
la_poza,La Poza,2024-02-17,max,2,1,4.8,4.8,ok,raw_data/la_poza/la poza(6).xls; raw_data/la_poza/la poza(7).xls,26; 12,identical_duplicate_values
la_poza,La Poza,2024-02-17,mean,2,1,3.148,3.148,ok,raw_data/la_poza/la poza(6).xls; raw_data/la_poza/la poza(7).xls,26; 12,identical_duplicate_values
la_poza,La Poza,2024-02-17,min,2,1,0.7,0.7,ok,raw_data/la_poza/la poza(6).xls; raw_data/la_poza/la poza(7).xls,26; 12,identical_duplicate_values
la_poza,La Poza,2024-02-18,max,2,1,5.1,5.1,ok,raw_data/la_poza/la poza(6).xls; raw_data/la_poza/la poza(7).xls,27; 13,identical_duplicate_values
la_poza,La Poza,2024-02-18,mean,2,1,2.796,2.796,ok,raw_data/la_poza/la poza(6).xls; raw_data/la_poza/la poza(7).xls,27; 13,identical_duplicate_values
la_poza,La Poza,2024-02-18,min,2,1,0.6,0.6,ok,raw_data/la_poza/la poza(6).xls; raw_data/la_poza/la poza(7).xls,27; 13,identical_duplicate_values
la_poza,La Poza,2024-02-19,max,2,1,5.4,5.4,ok,raw_data/la_poza/la poza(6).xls; raw_data/la_poza/la poza(7).xls,28; 14,identical_duplicate_values
la_poza,La Poza,2024-02-19,mean,2,1,2.781,2.781,ok,raw_data/la_poza/la poza(6).xls; raw_data/la_poza/la poza(7).xls,28; 14,identical_duplicate_values
la_poza,La Poza,2024-02-19,min,2,1,0.6,0.6,ok,raw_data/la_poza/la poza(6).xls; raw_data/la_poza/la poza(7).xls,28; 14,identical_duplicate_values
la_poza,La Poza,2024-02-20,max,2,1,4.4,4.4,ok,raw_data/la_poza/la poza(6).xls; raw_data/la_poza/la poza(7).xls,29; 15,identical_duplicate_values
la_poza,La Poza,2024-02-20,mean,2,1,3.148,3.148,ok,raw_data/la_poza/la poza(6).xls; raw_data/la_poza/la poza(7).xls,29; 15,identical_duplicate_values
la_poza,La Poza,2024-02-20,min,2,1,1.8,1.8,ok,raw_data/la_poza/la poza(6).xls; raw_data/la_poza/la poza(7).xls,29; 15,identical_duplicate_values
la_poza,La Poza,2024-02-21,max,2,1,4.0,4.0,ok,raw_data/la_poza/la poza(6).xls; raw_data/la_poza/la poza(7).xls,30; 16,identical_duplicate_values
la_poza,La Poza,2024-02-21,mean,2,1,2.65,2.65,ok,raw_data/la_poza/la poza(6).xls; raw_data/la_poza/la poza(7).xls,30; 16,identical_duplicate_values
la_poza,La Poza,2024-02-21,min,2,1,0.8,0.8,ok,raw_data/la_poza/la poza(6).xls; raw_data/la_poza/la poza(7).xls,30; 16,identical_duplicate_values
la_poza,La Poza,2024-02-22,max,2,1,3.7,3.7,ok,raw_data/la_poza/la poza(6).xls; raw_data/la_poza/la poza(7).xls,31; 17,identical_duplicate_values
la_poza,La Poza,2024-02-22,mean,2,1,2.369,2.369,ok,raw_data/la_poza/la poza(6).xls; raw_data/la_poza/la poza(7).xls,31; 17,identical_duplicate_values
la_poza,La Poza,2024-02-22,min,2,1,0.6,0.6,ok,raw_data/la_poza/la poza(6).xls; raw_data/la_poza/la poza(7).xls,31; 17,identical_duplicate_values
la_poza,La Poza,2024-02-23,max,2,1,3.4,3.4,ok,raw_data/la_poza/la poza(6).xls; raw_data/la_poza/la poza(7).xls,32; 18,identical_duplicate_values
la_poza,La Poza,2024-02-23,mean,2,1,2.027,2.027,ok,raw_data/la_poza/la poza(6).xls; raw_data/la_poza/la poza(7).xls,32; 18,identical_duplicate_values
la_poza,La Poza,2024-02-23,min,2,1,0.4,0.4,ok,raw_data/la_poza/la poza(6).xls; raw_data/la_poza/la poza(7).xls,32; 18,identical_duplicate_values
la_poza,La Poza,2024-02-24,max,2,1,3.4,3.4,ok,raw_data/la_poza/la poza(6).xls; raw_data/la_poza/la poza(7).xls,33; 19,identical_duplicate_values
la_poza,La Poza,2024-02-24,mean,2,1,1.8,1.8,ok,raw_data/la_poza/la poza(6).xls; raw_data/la_poza/la poza(7).xls,33; 19,identical_duplicate_values
la_poza,La Poza,2024-02-24,min,2,1,0.3,0.3,ok,raw_data/la_poza/la poza(6).xls; raw_data/la_poza/la poza(7).xls,33; 19,identical_duplicate_values
la_poza,La Poza,2024-02-25,max,2,1,2.6,2.6,ok,raw_data/la_poza/la poza(6).xls; raw_data/la_poza/la poza(7).xls,34; 20,identical_duplicate_values
la_poza,La Poza,2024-02-25,mean,2,1,1.448,1.448,ok,raw_data/la_poza/la poza(6).xls; raw_data/la_poza/la poza(7).xls,34; 20,identical_duplicate_values
la_poza,La Poza,2024-02-25,min,2,1,0.3,0.3,ok,raw_data/la_poza/la poza(6).xls; raw_data/la_poza/la poza(7).xls,34; 20,identical_duplicate_values
la_poza,La Poza,2024-02-26,max,2,1,3.3,3.3,ok,raw_data/la_poza/la poza(6).xls; raw_data/la_poza/la poza(7).xls,35; 21,identical_duplicate_values
la_poza,La Poza,2024-02-26,mean,2,1,1.504,1.504,ok,raw_data/la_poza/la poza(6).xls; raw_data/la_poza/la poza(7).xls,35; 21,identical_duplicate_values
la_poza,La Poza,2024-02-26,min,2,1,0.3,0.3,ok,raw_data/la_poza/la poza(6).xls; raw_data/la_poza/la poza(7).xls,35; 21,identical_duplicate_values
la_poza,La Poza,2024-02-27,max,2,1,3.4,3.4,ok,raw_data/la_poza/la poza(6).xls; raw_data/la_poza/la poza(7).xls,36; 22,identical_duplicate_values
la_poza,La Poza,2024-02-27,mean,2,1,1.783,1.783,ok,raw_data/la_poza/la poza(6).xls; raw_data/la_poza/la poza(7).xls,36; 22,identical_duplicate_values
la_poza,La Poza,2024-02-27,min,2,1,0.4,0.4,ok,raw_data/la_poza/la poza(6).xls; raw_data/la_poza/la poza(7).xls,36; 22,identical_duplicate_values
la_poza,La Poza,2024-02-28,max,2,1,3.8,3.8,ok,raw_data/la_poza/la poza(6).xls; raw_data/la_poza/la poza(7).xls,37; 23,identical_duplicate_values
la_poza,La Poza,2024-02-28,mean,2,1,2.008,2.008,ok,raw_data/la_poza/la poza(6).xls; raw_data/la_poza/la poza(7).xls,37; 23,identical_duplicate_values
la_poza,La Poza,2024-02-28,min,2,1,0.5,0.5,ok,raw_data/la_poza/la poza(6).xls; raw_data/la_poza/la poza(7).xls,37; 23,identical_duplicate_values
la_poza,La Poza,2024-02-29,max,2,1,3.4,3.4,ok,raw_data/la_poza/la poza(6).xls; raw_data/la_poza/la poza(7).xls,38; 24,identical_duplicate_values
la_poza,La Poza,2024-02-29,mean,2,1,1.606,1.606,ok,raw_data/la_poza/la poza(6).xls; raw_data/la_poza/la poza(7).xls,38; 24,identical_duplicate_values
la_poza,La Poza,2024-02-29,min,2,1,0.4,0.4,ok,raw_data/la_poza/la poza(6).xls; raw_data/la_poza/la poza(7).xls,38; 24,identical_duplicate_values
la_poza,La Poza,2024-03-01,max,2,1,2.7,2.7,ok,raw_data/la_poza/la poza(6).xls; raw_data/la_poza/la poza(7).xls,39; 25,identical_duplicate_values
la_poza,La Poza,2024-03-01,mean,2,1,1.515,1.515,ok,raw_data/la_poza/la poza(6).xls; raw_data/la_poza/la poza(7).xls,39; 25,identical_duplicate_values
la_poza,La Poza,2024-03-01,min,2,1,0.4,0.4,ok,raw_data/la_poza/la poza(6).xls; raw_data/la_poza/la poza(7).xls,39; 25,identical_duplicate_values
la_poza,La Poza,2024-03-02,max,2,1,2.0,2.0,ok,raw_data/la_poza/la poza(6).xls; raw_data/la_poza/la poza(7).xls,40; 26,identical_duplicate_values
la_poza,La Poza,2024-03-02,mean,2,1,1.221,1.221,ok,raw_data/la_poza/la poza(6).xls; raw_data/la_poza/la poza(7).xls,40; 26,identical_duplicate_values
la_poza,La Poza,2024-03-02,min,2,1,0.4,0.4,ok,raw_data/la_poza/la poza(6).xls; raw_data/la_poza/la poza(7).xls,40; 26,identical_duplicate_values
la_poza,La Poza,2024-03-03,max,2,1,2.1,2.1,ok,raw_data/la_poza/la poza(6).xls; raw_data/la_poza/la poza(7).xls,41; 27,identical_duplicate_values
la_poza,La Poza,2024-03-03,mean,2,1,1.021,1.021,ok,raw_data/la_poza/la poza(6).xls; raw_data/la_poza/la poza(7).xls,41; 27,identical_duplicate_values
la_poza,La Poza,2024-03-03,min,2,1,0.2,0.2,ok,raw_data/la_poza/la poza(6).xls; raw_data/la_poza/la poza(7).xls,41; 27,identical_duplicate_values
la_poza,La Poza,2024-03-04,max,2,1,2.3,2.3,ok,raw_data/la_poza/la poza(6).xls; raw_data/la_poza/la poza(7).xls,42; 28,identical_duplicate_values
la_poza,La Poza,2024-03-04,mean,2,1,0.944,0.944,ok,raw_data/la_poza/la poza(6).xls; raw_data/la_poza/la poza(7).xls,42; 28,identical_duplicate_values
la_poza,La Poza,2024-03-04,min,2,1,0.2,0.2,ok,raw_data/la_poza/la poza(6).xls; raw_data/la_poza/la poza(7).xls,42; 28,identical_duplicate_values
la_poza,La Poza,2024-03-05,max,2,1,1.8,1.8,ok,raw_data/la_poza/la poza(6).xls; raw_data/la_poza/la poza(7).xls,43; 29,identical_duplicate_values
la_poza,La Poza,2024-03-05,mean,2,1,0.646,0.646,ok,raw_data/la_poza/la poza(6).xls; raw_data/la_poza/la poza(7).xls,43; 29,identical_duplicate_values
la_poza,La Poza,2024-03-05,min,2,1,0.2,0.2,ok,raw_data/la_poza/la poza(6).xls; raw_data/la_poza/la poza(7).xls,43; 29,identical_duplicate_values
la_poza,La Poza,2024-03-06,max,2,1,0.8,0.8,ok,raw_data/la_poza/la poza(6).xls; raw_data/la_poza/la poza(7).xls,44; 30,identical_duplicate_values
la_poza,La Poza,2024-03-06,mean,2,1,0.481,0.481,ok,raw_data/la_poza/la poza(6).xls; raw_data/la_poza/la poza(7).xls,44; 30,identical_duplicate_values
la_poza,La Poza,2024-03-06,min,2,1,0.1,0.1,ok,raw_data/la_poza/la poza(6).xls; raw_data/la_poza/la poza(7).xls,44; 30,identical_duplicate_values
la_poza,La Poza,2025-02-09,max,2,1,2.7,2.7,ok,raw_data/la_poza/Boya La Poza dic 2024-marzo 2025.xls; raw_data/la_poza/La poza feb-mayo 2025.xls,54; 2,identical_duplicate_values
la_poza,La Poza,2025-02-09,mean,2,1,1.194,1.194,ok,raw_data/la_poza/Boya La Poza dic 2024-marzo 2025.xls; raw_data/la_poza/La poza feb-mayo 2025.xls,54; 2,identical_duplicate_values
la_poza,La Poza,2025-02-09,min,2,1,0.3,0.3,ok,raw_data/la_poza/Boya La Poza dic 2024-marzo 2025.xls; raw_data/la_poza/La poza feb-mayo 2025.xls,54; 2,identical_duplicate_values
la_poza,La Poza,2025-02-10,max,2,1,3.3,3.3,ok,raw_data/la_poza/Boya La Poza dic 2024-marzo 2025.xls; raw_data/la_poza/La poza feb-mayo 2025.xls,55; 3,identical_duplicate_values
la_poza,La Poza,2025-02-10,mean,2,1,1.631,1.631,ok,raw_data/la_poza/Boya La Poza dic 2024-marzo 2025.xls; raw_data/la_poza/La poza feb-mayo 2025.xls,55; 3,identical_duplicate_values
la_poza,La Poza,2025-02-10,min,2,1,0.9,0.9,ok,raw_data/la_poza/Boya La Poza dic 2024-marzo 2025.xls; raw_data/la_poza/La poza feb-mayo 2025.xls,55; 3,identical_duplicate_values
la_poza,La Poza,2025-02-11,max,2,1,2.4,2.4,ok,raw_data/la_poza/Boya La Poza dic 2024-marzo 2025.xls; raw_data/la_poza/La poza feb-mayo 2025.xls,56; 4,identical_duplicate_values
la_poza,La Poza,2025-02-11,mean,2,1,1.433,1.433,ok,raw_data/la_poza/Boya La Poza dic 2024-marzo 2025.xls; raw_data/la_poza/La poza feb-mayo 2025.xls,56; 4,identical_duplicate_values
la_poza,La Poza,2025-02-11,min,2,1,0.6,0.6,ok,raw_data/la_poza/Boya La Poza dic 2024-marzo 2025.xls; raw_data/la_poza/La poza feb-mayo 2025.xls,56; 4,identical_duplicate_values
la_poza,La Poza,2025-02-12,max,2,1,2.6,2.6,ok,raw_data/la_poza/Boya La Poza dic 2024-marzo 2025.xls; raw_data/la_poza/La poza feb-mayo 2025.xls,57; 5,identical_duplicate_values
la_poza,La Poza,2025-02-12,mean,2,1,1.487,1.487,ok,raw_data/la_poza/Boya La Poza dic 2024-marzo 2025.xls; raw_data/la_poza/La poza feb-mayo 2025.xls,57; 5,identical_duplicate_values
la_poza,La Poza,2025-02-12,min,2,1,0.6,0.6,ok,raw_data/la_poza/Boya La Poza dic 2024-marzo 2025.xls; raw_data/la_poza/La poza feb-mayo 2025.xls,57; 5,identical_duplicate_values
la_poza,La Poza,2025-02-13,max,2,1,2.2,2.2,ok,raw_data/la_poza/Boya La Poza dic 2024-marzo 2025.xls; raw_data/la_poza/La poza feb-mayo 2025.xls,58; 6,identical_duplicate_values
la_poza,La Poza,2025-02-13,mean,2,1,1.44,1.44,ok,raw_data/la_poza/Boya La Poza dic 2024-marzo 2025.xls; raw_data/la_poza/La poza feb-mayo 2025.xls,58; 6,identical_duplicate_values
la_poza,La Poza,2025-02-13,min,2,1,0.3,0.3,ok,raw_data/la_poza/Boya La Poza dic 2024-marzo 2025.xls; raw_data/la_poza/La poza feb-mayo 2025.xls,58; 6,identical_duplicate_values
la_poza,La Poza,2025-02-14,max,2,1,2.6,2.6,ok,raw_data/la_poza/Boya La Poza dic 2024-marzo 2025.xls; raw_data/la_poza/La poza feb-mayo 2025.xls,59; 7,identical_duplicate_values
la_poza,La Poza,2025-02-14,mean,2,1,1.545,1.545,ok,raw_data/la_poza/Boya La Poza dic 2024-marzo 2025.xls; raw_data/la_poza/La poza feb-mayo 2025.xls,59; 7,identical_duplicate_values
la_poza,La Poza,2025-02-14,min,2,1,0.7,0.7,ok,raw_data/la_poza/Boya La Poza dic 2024-marzo 2025.xls; raw_data/la_poza/La poza feb-mayo 2025.xls,59; 7,identical_duplicate_values
la_poza,La Poza,2025-02-15,max,2,1,2.0,2.0,ok,raw_data/la_poza/Boya La Poza dic 2024-marzo 2025.xls; raw_data/la_poza/La poza feb-mayo 2025.xls,60; 8,identical_duplicate_values
la_poza,La Poza,2025-02-15,mean,2,1,1.467,1.467,ok,raw_data/la_poza/Boya La Poza dic 2024-marzo 2025.xls; raw_data/la_poza/La poza feb-mayo 2025.xls,60; 8,identical_duplicate_values
la_poza,La Poza,2025-02-15,min,2,1,0.7,0.7,ok,raw_data/la_poza/Boya La Poza dic 2024-marzo 2025.xls; raw_data/la_poza/La poza feb-mayo 2025.xls,60; 8,identical_duplicate_values
la_poza,La Poza,2025-02-16,max,2,1,2.1,2.1,ok,raw_data/la_poza/Boya La Poza dic 2024-marzo 2025.xls; raw_data/la_poza/La poza feb-mayo 2025.xls,61; 9,identical_duplicate_values
la_poza,La Poza,2025-02-16,mean,2,1,1.44,1.44,ok,raw_data/la_poza/Boya La Poza dic 2024-marzo 2025.xls; raw_data/la_poza/La poza feb-mayo 2025.xls,61; 9,identical_duplicate_values
la_poza,La Poza,2025-02-16,min,2,1,0.8,0.8,ok,raw_data/la_poza/Boya La Poza dic 2024-marzo 2025.xls; raw_data/la_poza/La poza feb-mayo 2025.xls,61; 9,identical_duplicate_values
la_poza,La Poza,2025-02-17,max,2,1,2.3,2.3,ok,raw_data/la_poza/Boya La Poza dic 2024-marzo 2025.xls; raw_data/la_poza/La poza feb-mayo 2025.xls,62; 10,identical_duplicate_values
la_poza,La Poza,2025-02-17,mean,2,1,1.571,1.571,ok,raw_data/la_poza/Boya La Poza dic 2024-marzo 2025.xls; raw_data/la_poza/La poza feb-mayo 2025.xls,62; 10,identical_duplicate_values
la_poza,La Poza,2025-02-17,min,2,1,0.5,0.5,ok,raw_data/la_poza/Boya La Poza dic 2024-marzo 2025.xls; raw_data/la_poza/La poza feb-mayo 2025.xls,62; 10,identical_duplicate_values
la_poza,La Poza,2025-02-18,max,2,1,2.6,2.6,ok,raw_data/la_poza/Boya La Poza dic 2024-marzo 2025.xls; raw_data/la_poza/La poza feb-mayo 2025.xls,63; 11,identical_duplicate_values
la_poza,La Poza,2025-02-18,mean,2,1,1.556,1.556,ok,raw_data/la_poza/Boya La Poza dic 2024-marzo 2025.xls; raw_data/la_poza/La poza feb-mayo 2025.xls,63; 11,identical_duplicate_values
la_poza,La Poza,2025-02-18,min,2,1,0.3,0.3,ok,raw_data/la_poza/Boya La Poza dic 2024-marzo 2025.xls; raw_data/la_poza/La poza feb-mayo 2025.xls,63; 11,identical_duplicate_values
la_poza,La Poza,2025-02-19,max,2,1,2.8,2.8,ok,raw_data/la_poza/Boya La Poza dic 2024-marzo 2025.xls; raw_data/la_poza/La poza feb-mayo 2025.xls,64; 12,identical_duplicate_values
la_poza,La Poza,2025-02-19,mean,2,1,1.846,1.846,ok,raw_data/la_poza/Boya La Poza dic 2024-marzo 2025.xls; raw_data/la_poza/La poza feb-mayo 2025.xls,64; 12,identical_duplicate_values
la_poza,La Poza,2025-02-19,min,2,1,0.8,0.8,ok,raw_data/la_poza/Boya La Poza dic 2024-marzo 2025.xls; raw_data/la_poza/La poza feb-mayo 2025.xls,64; 12,identical_duplicate_values
la_poza,La Poza,2025-02-20,max,2,1,2.1,2.1,ok,raw_data/la_poza/Boya La Poza dic 2024-marzo 2025.xls; raw_data/la_poza/La poza feb-mayo 2025.xls,65; 13,identical_duplicate_values
la_poza,La Poza,2025-02-20,mean,2,1,1.408,1.408,ok,raw_data/la_poza/Boya La Poza dic 2024-marzo 2025.xls; raw_data/la_poza/La poza feb-mayo 2025.xls,65; 13,identical_duplicate_values
la_poza,La Poza,2025-02-20,min,2,1,0.6,0.6,ok,raw_data/la_poza/Boya La Poza dic 2024-marzo 2025.xls; raw_data/la_poza/La poza feb-mayo 2025.xls,65; 13,identical_duplicate_values
la_poza,La Poza,2025-02-21,max,2,1,4.7,4.7,ok,raw_data/la_poza/Boya La Poza dic 2024-marzo 2025.xls; raw_data/la_poza/La poza feb-mayo 2025.xls,66; 14,identical_duplicate_values
la_poza,La Poza,2025-02-21,mean,2,1,1.469,1.469,ok,raw_data/la_poza/Boya La Poza dic 2024-marzo 2025.xls; raw_data/la_poza/La poza feb-mayo 2025.xls,66; 14,identical_duplicate_values
la_poza,La Poza,2025-02-21,min,2,1,0.6,0.6,ok,raw_data/la_poza/Boya La Poza dic 2024-marzo 2025.xls; raw_data/la_poza/La poza feb-mayo 2025.xls,66; 14,identical_duplicate_values
la_poza,La Poza,2025-02-22,max,2,1,2.7,2.7,ok,raw_data/la_poza/Boya La Poza dic 2024-marzo 2025.xls; raw_data/la_poza/La poza feb-mayo 2025.xls,67; 15,identical_duplicate_values
la_poza,La Poza,2025-02-22,mean,2,1,1.323,1.323,ok,raw_data/la_poza/Boya La Poza dic 2024-marzo 2025.xls; raw_data/la_poza/La poza feb-mayo 2025.xls,67; 15,identical_duplicate_values
la_poza,La Poza,2025-02-22,min,2,1,0.5,0.5,ok,raw_data/la_poza/Boya La Poza dic 2024-marzo 2025.xls; raw_data/la_poza/La poza feb-mayo 2025.xls,67; 15,identical_duplicate_values
la_poza,La Poza,2025-02-23,max,2,1,3.0,3.0,ok,raw_data/la_poza/Boya La Poza dic 2024-marzo 2025.xls; raw_data/la_poza/La poza feb-mayo 2025.xls,68; 16,identical_duplicate_values
la_poza,La Poza,2025-02-23,mean,2,1,1.827,1.827,ok,raw_data/la_poza/Boya La Poza dic 2024-marzo 2025.xls; raw_data/la_poza/La poza feb-mayo 2025.xls,68; 16,identical_duplicate_values
la_poza,La Poza,2025-02-23,min,2,1,1.2,1.2,ok,raw_data/la_poza/Boya La Poza dic 2024-marzo 2025.xls; raw_data/la_poza/La poza feb-mayo 2025.xls,68; 16,identical_duplicate_values
la_poza,La Poza,2025-02-24,max,2,1,3.4,3.4,ok,raw_data/la_poza/Boya La Poza dic 2024-marzo 2025.xls; raw_data/la_poza/La poza feb-mayo 2025.xls,69; 17,identical_duplicate_values
la_poza,La Poza,2025-02-24,mean,2,1,2.129,2.129,ok,raw_data/la_poza/Boya La Poza dic 2024-marzo 2025.xls; raw_data/la_poza/La poza feb-mayo 2025.xls,69; 17,identical_duplicate_values
la_poza,La Poza,2025-02-24,min,2,1,0.9,0.9,ok,raw_data/la_poza/Boya La Poza dic 2024-marzo 2025.xls; raw_data/la_poza/La poza feb-mayo 2025.xls,69; 17,identical_duplicate_values
la_poza,La Poza,2025-02-25,max,2,1,4.3,4.3,ok,raw_data/la_poza/Boya La Poza dic 2024-marzo 2025.xls; raw_data/la_poza/La poza feb-mayo 2025.xls,70; 18,identical_duplicate_values
la_poza,La Poza,2025-02-25,mean,2,1,1.896,1.896,ok,raw_data/la_poza/Boya La Poza dic 2024-marzo 2025.xls; raw_data/la_poza/La poza feb-mayo 2025.xls,70; 18,identical_duplicate_values
la_poza,La Poza,2025-02-25,min,2,1,0.5,0.5,ok,raw_data/la_poza/Boya La Poza dic 2024-marzo 2025.xls; raw_data/la_poza/La poza feb-mayo 2025.xls,70; 18,identical_duplicate_values
la_poza,La Poza,2025-02-26,max,2,1,3.1,3.1,ok,raw_data/la_poza/Boya La Poza dic 2024-marzo 2025.xls; raw_data/la_poza/La poza feb-mayo 2025.xls,71; 19,identical_duplicate_values
la_poza,La Poza,2025-02-26,mean,2,1,1.706,1.706,ok,raw_data/la_poza/Boya La Poza dic 2024-marzo 2025.xls; raw_data/la_poza/La poza feb-mayo 2025.xls,71; 19,identical_duplicate_values
la_poza,La Poza,2025-02-26,min,2,1,0.6,0.6,ok,raw_data/la_poza/Boya La Poza dic 2024-marzo 2025.xls; raw_data/la_poza/La poza feb-mayo 2025.xls,71; 19,identical_duplicate_values
la_poza,La Poza,2025-02-27,max,2,1,3.2,3.2,ok,raw_data/la_poza/Boya La Poza dic 2024-marzo 2025.xls; raw_data/la_poza/La poza feb-mayo 2025.xls,72; 20,identical_duplicate_values
la_poza,La Poza,2025-02-27,mean,2,1,2.192,2.192,ok,raw_data/la_poza/Boya La Poza dic 2024-marzo 2025.xls; raw_data/la_poza/La poza feb-mayo 2025.xls,72; 20,identical_duplicate_values
la_poza,La Poza,2025-02-27,min,2,1,1.0,1.0,ok,raw_data/la_poza/Boya La Poza dic 2024-marzo 2025.xls; raw_data/la_poza/La poza feb-mayo 2025.xls,72; 20,identical_duplicate_values
la_poza,La Poza,2025-02-28,max,2,1,193.6,193.6,ok,raw_data/la_poza/Boya La Poza dic 2024-marzo 2025.xls; raw_data/la_poza/La poza feb-mayo 2025.xls,73; 21,identical_duplicate_values
la_poza,La Poza,2025-02-28,mean,2,1,6.949,6.949,ok,raw_data/la_poza/Boya La Poza dic 2024-marzo 2025.xls; raw_data/la_poza/La poza feb-mayo 2025.xls,73; 21,identical_duplicate_values
la_poza,La Poza,2025-02-28,min,2,1,1.1,1.1,ok,raw_data/la_poza/Boya La Poza dic 2024-marzo 2025.xls; raw_data/la_poza/La poza feb-mayo 2025.xls,73; 21,identical_duplicate_values
la_poza,La Poza,2025-03-01,max,2,1,3.3,3.3,ok,raw_data/la_poza/Boya La Poza dic 2024-marzo 2025.xls; raw_data/la_poza/La poza feb-mayo 2025.xls,74; 22,identical_duplicate_values
la_poza,La Poza,2025-03-01,mean,2,1,2.515,2.515,ok,raw_data/la_poza/Boya La Poza dic 2024-marzo 2025.xls; raw_data/la_poza/La poza feb-mayo 2025.xls,74; 22,identical_duplicate_values
la_poza,La Poza,2025-03-01,min,2,1,1.3,1.3,ok,raw_data/la_poza/Boya La Poza dic 2024-marzo 2025.xls; raw_data/la_poza/La poza feb-mayo 2025.xls,74; 22,identical_duplicate_values
la_poza,La Poza,2025-03-02,max,2,1,4.9,4.9,ok,raw_data/la_poza/Boya La Poza dic 2024-marzo 2025.xls; raw_data/la_poza/La poza feb-mayo 2025.xls,75; 23,identical_duplicate_values
la_poza,La Poza,2025-03-02,mean,2,1,2.779,2.779,ok,raw_data/la_poza/Boya La Poza dic 2024-marzo 2025.xls; raw_data/la_poza/La poza feb-mayo 2025.xls,75; 23,identical_duplicate_values
la_poza,La Poza,2025-03-02,min,2,1,0.9,0.9,ok,raw_data/la_poza/Boya La Poza dic 2024-marzo 2025.xls; raw_data/la_poza/La poza feb-mayo 2025.xls,75; 23,identical_duplicate_values
la_poza,La Poza,2025-03-03,max,2,1,3.9,3.9,ok,raw_data/la_poza/Boya La Poza dic 2024-marzo 2025.xls; raw_data/la_poza/La poza feb-mayo 2025.xls,76; 24,identical_duplicate_values
la_poza,La Poza,2025-03-03,mean,2,1,2.558,2.558,ok,raw_data/la_poza/Boya La Poza dic 2024-marzo 2025.xls; raw_data/la_poza/La poza feb-mayo 2025.xls,76; 24,identical_duplicate_values
la_poza,La Poza,2025-03-03,min,2,1,1.4,1.4,ok,raw_data/la_poza/Boya La Poza dic 2024-marzo 2025.xls; raw_data/la_poza/La poza feb-mayo 2025.xls,76; 24,identical_duplicate_values
la_poza,La Poza,2025-03-04,max,2,1,3.7,3.7,ok,raw_data/la_poza/Boya La Poza dic 2024-marzo 2025.xls; raw_data/la_poza/La poza feb-mayo 2025.xls,77; 25,identical_duplicate_values
la_poza,La Poza,2025-03-04,mean,2,1,2.512,2.512,ok,raw_data/la_poza/Boya La Poza dic 2024-marzo 2025.xls; raw_data/la_poza/La poza feb-mayo 2025.xls,77; 25,identical_duplicate_values
la_poza,La Poza,2025-03-04,min,2,1,1.4,1.4,ok,raw_data/la_poza/Boya La Poza dic 2024-marzo 2025.xls; raw_data/la_poza/La poza feb-mayo 2025.xls,77; 25,identical_duplicate_values
la_poza,La Poza,2025-03-05,max,2,1,3.5,3.5,ok,raw_data/la_poza/Boya La Poza dic 2024-marzo 2025.xls; raw_data/la_poza/La poza feb-mayo 2025.xls,78; 26,identical_duplicate_values
la_poza,La Poza,2025-03-05,mean,2,1,1.725,1.725,ok,raw_data/la_poza/Boya La Poza dic 2024-marzo 2025.xls; raw_data/la_poza/La poza feb-mayo 2025.xls,78; 26,identical_duplicate_values
la_poza,La Poza,2025-03-05,min,2,1,0.4,0.4,ok,raw_data/la_poza/Boya La Poza dic 2024-marzo 2025.xls; raw_data/la_poza/La poza feb-mayo 2025.xls,78; 26,identical_duplicate_values
la_poza,La Poza,2025-03-06,max,2,1,3.2,3.2,ok,raw_data/la_poza/Boya La Poza dic 2024-marzo 2025.xls; raw_data/la_poza/La poza feb-mayo 2025.xls,79; 27,identical_duplicate_values
la_poza,La Poza,2025-03-06,mean,2,1,2.017,2.017,ok,raw_data/la_poza/Boya La Poza dic 2024-marzo 2025.xls; raw_data/la_poza/La poza feb-mayo 2025.xls,79; 27,identical_duplicate_values
la_poza,La Poza,2025-03-06,min,2,1,1.0,1.0,ok,raw_data/la_poza/Boya La Poza dic 2024-marzo 2025.xls; raw_data/la_poza/La poza feb-mayo 2025.xls,79; 27,identical_duplicate_values
la_poza,La Poza,2025-03-07,max,2,1,3.5,3.5,ok,raw_data/la_poza/Boya La Poza dic 2024-marzo 2025.xls; raw_data/la_poza/La poza feb-mayo 2025.xls,80; 28,identical_duplicate_values
la_poza,La Poza,2025-03-07,mean,2,1,2.831,2.831,ok,raw_data/la_poza/Boya La Poza dic 2024-marzo 2025.xls; raw_data/la_poza/La poza feb-mayo 2025.xls,80; 28,identical_duplicate_values
la_poza,La Poza,2025-03-07,min,2,1,1.5,1.5,ok,raw_data/la_poza/Boya La Poza dic 2024-marzo 2025.xls; raw_data/la_poza/La poza feb-mayo 2025.xls,80; 28,identical_duplicate_values
la_poza,La Poza,2025-03-08,max,2,1,3.8,3.8,ok,raw_data/la_poza/Boya La Poza dic 2024-marzo 2025.xls; raw_data/la_poza/La poza feb-mayo 2025.xls,81; 29,identical_duplicate_values
la_poza,La Poza,2025-03-08,mean,2,1,2.067,2.067,ok,raw_data/la_poza/Boya La Poza dic 2024-marzo 2025.xls; raw_data/la_poza/La poza feb-mayo 2025.xls,81; 29,identical_duplicate_values
la_poza,La Poza,2025-03-08,min,2,1,0.8,0.8,ok,raw_data/la_poza/Boya La Poza dic 2024-marzo 2025.xls; raw_data/la_poza/La poza feb-mayo 2025.xls,81; 29,identical_duplicate_values
la_poza,La Poza,2025-03-09,max,2,1,3.2,3.2,ok,raw_data/la_poza/Boya La Poza dic 2024-marzo 2025.xls; raw_data/la_poza/La poza feb-mayo 2025.xls,82; 30,identical_duplicate_values
la_poza,La Poza,2025-03-09,mean,2,1,1.773,1.773,ok,raw_data/la_poza/Boya La Poza dic 2024-marzo 2025.xls; raw_data/la_poza/La poza feb-mayo 2025.xls,82; 30,identical_duplicate_values
la_poza,La Poza,2025-03-09,min,2,1,0.6,0.6,ok,raw_data/la_poza/Boya La Poza dic 2024-marzo 2025.xls; raw_data/la_poza/La poza feb-mayo 2025.xls,82; 30,identical_duplicate_values
la_poza,La Poza,2025-03-10,max,2,1,3.3,3.3,ok,raw_data/la_poza/Boya La Poza dic 2024-marzo 2025.xls; raw_data/la_poza/La poza feb-mayo 2025.xls,83; 31,identical_duplicate_values
la_poza,La Poza,2025-03-10,mean,2,1,2.319,2.319,ok,raw_data/la_poza/Boya La Poza dic 2024-marzo 2025.xls; raw_data/la_poza/La poza feb-mayo 2025.xls,83; 31,identical_duplicate_values
la_poza,La Poza,2025-03-10,min,2,1,1.3,1.3,ok,raw_data/la_poza/Boya La Poza dic 2024-marzo 2025.xls; raw_data/la_poza/La poza feb-mayo 2025.xls,83; 31,identical_duplicate_values
la_poza,La Poza,2025-03-11,max,2,1,3.4,3.4,ok,raw_data/la_poza/Boya La Poza dic 2024-marzo 2025.xls; raw_data/la_poza/La poza feb-mayo 2025.xls,84; 32,identical_duplicate_values
la_poza,La Poza,2025-03-11,mean,2,1,2.204,2.204,ok,raw_data/la_poza/Boya La Poza dic 2024-marzo 2025.xls; raw_data/la_poza/La poza feb-mayo 2025.xls,84; 32,identical_duplicate_values
la_poza,La Poza,2025-03-11,min,2,1,0.7,0.7,ok,raw_data/la_poza/Boya La Poza dic 2024-marzo 2025.xls; raw_data/la_poza/La poza feb-mayo 2025.xls,84; 32,identical_duplicate_values
la_poza,La Poza,2025-03-12,max,2,1,2.9,2.9,ok,raw_data/la_poza/Boya La Poza dic 2024-marzo 2025.xls; raw_data/la_poza/La poza feb-mayo 2025.xls,85; 33,identical_duplicate_values
la_poza,La Poza,2025-03-12,mean,2,1,1.969,1.969,ok,raw_data/la_poza/Boya La Poza dic 2024-marzo 2025.xls; raw_data/la_poza/La poza feb-mayo 2025.xls,85; 33,identical_duplicate_values
la_poza,La Poza,2025-03-12,min,2,1,0.9,0.9,ok,raw_data/la_poza/Boya La Poza dic 2024-marzo 2025.xls; raw_data/la_poza/La poza feb-mayo 2025.xls,85; 33,identical_duplicate_values
la_poza,La Poza,2025-03-13,max,2,1,3.7,3.7,ok,raw_data/la_poza/Boya La Poza dic 2024-marzo 2025.xls; raw_data/la_poza/La poza feb-mayo 2025.xls,86; 34,identical_duplicate_values
la_poza,La Poza,2025-03-13,mean,2,1,1.971,1.971,ok,raw_data/la_poza/Boya La Poza dic 2024-marzo 2025.xls; raw_data/la_poza/La poza feb-mayo 2025.xls,86; 34,identical_duplicate_values
la_poza,La Poza,2025-03-13,min,2,1,0.7,0.7,ok,raw_data/la_poza/Boya La Poza dic 2024-marzo 2025.xls; raw_data/la_poza/La poza feb-mayo 2025.xls,86; 34,identical_duplicate_values
la_poza,La Poza,2025-03-14,max,2,1,2.7,2.7,ok,raw_data/la_poza/Boya La Poza dic 2024-marzo 2025.xls; raw_data/la_poza/La poza feb-mayo 2025.xls,87; 35,identical_duplicate_values
la_poza,La Poza,2025-03-14,mean,2,1,1.921,1.921,ok,raw_data/la_poza/Boya La Poza dic 2024-marzo 2025.xls; raw_data/la_poza/La poza feb-mayo 2025.xls,87; 35,identical_duplicate_values
la_poza,La Poza,2025-03-14,min,2,1,1.0,1.0,ok,raw_data/la_poza/Boya La Poza dic 2024-marzo 2025.xls; raw_data/la_poza/La poza feb-mayo 2025.xls,87; 35,identical_duplicate_values
la_poza,La Poza,2025-03-15,max,2,1,2.5,2.5,ok,raw_data/la_poza/Boya La Poza dic 2024-marzo 2025.xls; raw_data/la_poza/La poza feb-mayo 2025.xls,88; 36,identical_duplicate_values
la_poza,La Poza,2025-03-15,mean,2,1,1.935,1.935,ok,raw_data/la_poza/Boya La Poza dic 2024-marzo 2025.xls; raw_data/la_poza/La poza feb-mayo 2025.xls,88; 36,identical_duplicate_values
la_poza,La Poza,2025-03-15,min,2,1,1.1,1.1,ok,raw_data/la_poza/Boya La Poza dic 2024-marzo 2025.xls; raw_data/la_poza/La poza feb-mayo 2025.xls,88; 36,identical_duplicate_values
la_poza,La Poza,2025-03-16,max,2,1,2.8,2.8,ok,raw_data/la_poza/Boya La Poza dic 2024-marzo 2025.xls; raw_data/la_poza/La poza feb-mayo 2025.xls,89; 37,identical_duplicate_values
la_poza,La Poza,2025-03-16,mean,2,1,1.667,1.667,ok,raw_data/la_poza/Boya La Poza dic 2024-marzo 2025.xls; raw_data/la_poza/La poza feb-mayo 2025.xls,89; 37,identical_duplicate_values
la_poza,La Poza,2025-03-16,min,2,1,0.6,0.6,ok,raw_data/la_poza/Boya La Poza dic 2024-marzo 2025.xls; raw_data/la_poza/La poza feb-mayo 2025.xls,89; 37,identical_duplicate_values
la_poza,La Poza,2025-03-17,max,2,1,2.3,2.3,ok,raw_data/la_poza/Boya La Poza dic 2024-marzo 2025.xls; raw_data/la_poza/La poza feb-mayo 2025.xls,90; 38,identical_duplicate_values
la_poza,La Poza,2025-03-17,mean,2,1,1.342,1.342,ok,raw_data/la_poza/Boya La Poza dic 2024-marzo 2025.xls; raw_data/la_poza/La poza feb-mayo 2025.xls,90; 38,identical_duplicate_values
la_poza,La Poza,2025-03-17,min,2,1,0.6,0.6,ok,raw_data/la_poza/Boya La Poza dic 2024-marzo 2025.xls; raw_data/la_poza/La poza feb-mayo 2025.xls,90; 38,identical_duplicate_values
la_poza,La Poza,2025-03-18,max,2,1,2.5,2.5,ok,raw_data/la_poza/Boya La Poza dic 2024-marzo 2025.xls; raw_data/la_poza/La poza feb-mayo 2025.xls,91; 39,identical_duplicate_values
la_poza,La Poza,2025-03-18,mean,2,1,1.302,1.302,ok,raw_data/la_poza/Boya La Poza dic 2024-marzo 2025.xls; raw_data/la_poza/La poza feb-mayo 2025.xls,91; 39,identical_duplicate_values
la_poza,La Poza,2025-03-18,min,2,1,0.6,0.6,ok,raw_data/la_poza/Boya La Poza dic 2024-marzo 2025.xls; raw_data/la_poza/La poza feb-mayo 2025.xls,91; 39,identical_duplicate_values
la_poza,La Poza,2025-03-19,max,2,2,1.6,2.3,ok,raw_data/la_poza/Boya La Poza dic 2024-marzo 2025.xls; raw_data/la_poza/La poza feb-mayo 2025.xls,92; 40,conflicting_duplicate_values
la_poza,La Poza,2025-03-19,mean,2,2,1.011,1.129,ok,raw_data/la_poza/Boya La Poza dic 2024-marzo 2025.xls; raw_data/la_poza/La poza feb-mayo 2025.xls,92; 40,conflicting_duplicate_values
la_poza,La Poza,2025-03-19,min,2,1,0.3,0.3,ok,raw_data/la_poza/Boya La Poza dic 2024-marzo 2025.xls; raw_data/la_poza/La poza feb-mayo 2025.xls,92; 40,identical_duplicate_values
pucon,Pucón,2025-02-09,max,2,1,2.7,2.7,ok,raw_data/pucon/Boya Litoral Pucon dic 2024-marzo 2025.xls; raw_data/pucon/Litoral Pucon feb 2025- mayo 2025.xls,54; 2,identical_duplicate_values
pucon,Pucón,2025-02-09,mean,2,1,1.194,1.194,ok,raw_data/pucon/Boya Litoral Pucon dic 2024-marzo 2025.xls; raw_data/pucon/Litoral Pucon feb 2025- mayo 2025.xls,54; 2,identical_duplicate_values
pucon,Pucón,2025-02-09,min,2,1,0.3,0.3,ok,raw_data/pucon/Boya Litoral Pucon dic 2024-marzo 2025.xls; raw_data/pucon/Litoral Pucon feb 2025- mayo 2025.xls,54; 2,identical_duplicate_values
pucon,Pucón,2025-02-10,max,2,1,3.3,3.3,ok,raw_data/pucon/Boya Litoral Pucon dic 2024-marzo 2025.xls; raw_data/pucon/Litoral Pucon feb 2025- mayo 2025.xls,55; 3,identical_duplicate_values
pucon,Pucón,2025-02-10,mean,2,1,1.631,1.631,ok,raw_data/pucon/Boya Litoral Pucon dic 2024-marzo 2025.xls; raw_data/pucon/Litoral Pucon feb 2025- mayo 2025.xls,55; 3,identical_duplicate_values
pucon,Pucón,2025-02-10,min,2,1,0.9,0.9,ok,raw_data/pucon/Boya Litoral Pucon dic 2024-marzo 2025.xls; raw_data/pucon/Litoral Pucon feb 2025- mayo 2025.xls,55; 3,identical_duplicate_values
pucon,Pucón,2025-02-11,max,2,1,2.4,2.4,ok,raw_data/pucon/Boya Litoral Pucon dic 2024-marzo 2025.xls; raw_data/pucon/Litoral Pucon feb 2025- mayo 2025.xls,56; 4,identical_duplicate_values
pucon,Pucón,2025-02-11,mean,2,1,1.433,1.433,ok,raw_data/pucon/Boya Litoral Pucon dic 2024-marzo 2025.xls; raw_data/pucon/Litoral Pucon feb 2025- mayo 2025.xls,56; 4,identical_duplicate_values
pucon,Pucón,2025-02-11,min,2,1,0.6,0.6,ok,raw_data/pucon/Boya Litoral Pucon dic 2024-marzo 2025.xls; raw_data/pucon/Litoral Pucon feb 2025- mayo 2025.xls,56; 4,identical_duplicate_values
pucon,Pucón,2025-02-12,max,2,1,2.6,2.6,ok,raw_data/pucon/Boya Litoral Pucon dic 2024-marzo 2025.xls; raw_data/pucon/Litoral Pucon feb 2025- mayo 2025.xls,57; 5,identical_duplicate_values
pucon,Pucón,2025-02-12,mean,2,1,1.487,1.487,ok,raw_data/pucon/Boya Litoral Pucon dic 2024-marzo 2025.xls; raw_data/pucon/Litoral Pucon feb 2025- mayo 2025.xls,57; 5,identical_duplicate_values
pucon,Pucón,2025-02-12,min,2,1,0.6,0.6,ok,raw_data/pucon/Boya Litoral Pucon dic 2024-marzo 2025.xls; raw_data/pucon/Litoral Pucon feb 2025- mayo 2025.xls,57; 5,identical_duplicate_values
pucon,Pucón,2025-02-13,max,2,1,2.2,2.2,ok,raw_data/pucon/Boya Litoral Pucon dic 2024-marzo 2025.xls; raw_data/pucon/Litoral Pucon feb 2025- mayo 2025.xls,58; 6,identical_duplicate_values
pucon,Pucón,2025-02-13,mean,2,1,1.44,1.44,ok,raw_data/pucon/Boya Litoral Pucon dic 2024-marzo 2025.xls; raw_data/pucon/Litoral Pucon feb 2025- mayo 2025.xls,58; 6,identical_duplicate_values
pucon,Pucón,2025-02-13,min,2,1,0.3,0.3,ok,raw_data/pucon/Boya Litoral Pucon dic 2024-marzo 2025.xls; raw_data/pucon/Litoral Pucon feb 2025- mayo 2025.xls,58; 6,identical_duplicate_values
pucon,Pucón,2025-02-14,max,2,1,2.6,2.6,ok,raw_data/pucon/Boya Litoral Pucon dic 2024-marzo 2025.xls; raw_data/pucon/Litoral Pucon feb 2025- mayo 2025.xls,59; 7,identical_duplicate_values
pucon,Pucón,2025-02-14,mean,2,1,1.545,1.545,ok,raw_data/pucon/Boya Litoral Pucon dic 2024-marzo 2025.xls; raw_data/pucon/Litoral Pucon feb 2025- mayo 2025.xls,59; 7,identical_duplicate_values
pucon,Pucón,2025-02-14,min,2,1,0.7,0.7,ok,raw_data/pucon/Boya Litoral Pucon dic 2024-marzo 2025.xls; raw_data/pucon/Litoral Pucon feb 2025- mayo 2025.xls,59; 7,identical_duplicate_values
pucon,Pucón,2025-02-15,max,2,1,2.0,2.0,ok,raw_data/pucon/Boya Litoral Pucon dic 2024-marzo 2025.xls; raw_data/pucon/Litoral Pucon feb 2025- mayo 2025.xls,60; 8,identical_duplicate_values
pucon,Pucón,2025-02-15,mean,2,1,1.467,1.467,ok,raw_data/pucon/Boya Litoral Pucon dic 2024-marzo 2025.xls; raw_data/pucon/Litoral Pucon feb 2025- mayo 2025.xls,60; 8,identical_duplicate_values
pucon,Pucón,2025-02-15,min,2,1,0.7,0.7,ok,raw_data/pucon/Boya Litoral Pucon dic 2024-marzo 2025.xls; raw_data/pucon/Litoral Pucon feb 2025- mayo 2025.xls,60; 8,identical_duplicate_values
pucon,Pucón,2025-02-16,max,2,1,2.1,2.1,ok,raw_data/pucon/Boya Litoral Pucon dic 2024-marzo 2025.xls; raw_data/pucon/Litoral Pucon feb 2025- mayo 2025.xls,61; 9,identical_duplicate_values
pucon,Pucón,2025-02-16,mean,2,1,1.44,1.44,ok,raw_data/pucon/Boya Litoral Pucon dic 2024-marzo 2025.xls; raw_data/pucon/Litoral Pucon feb 2025- mayo 2025.xls,61; 9,identical_duplicate_values
pucon,Pucón,2025-02-16,min,2,1,0.8,0.8,ok,raw_data/pucon/Boya Litoral Pucon dic 2024-marzo 2025.xls; raw_data/pucon/Litoral Pucon feb 2025- mayo 2025.xls,61; 9,identical_duplicate_values
pucon,Pucón,2025-02-17,max,2,1,2.3,2.3,ok,raw_data/pucon/Boya Litoral Pucon dic 2024-marzo 2025.xls; raw_data/pucon/Litoral Pucon feb 2025- mayo 2025.xls,62; 10,identical_duplicate_values
pucon,Pucón,2025-02-17,mean,2,1,1.571,1.571,ok,raw_data/pucon/Boya Litoral Pucon dic 2024-marzo 2025.xls; raw_data/pucon/Litoral Pucon feb 2025- mayo 2025.xls,62; 10,identical_duplicate_values
pucon,Pucón,2025-02-17,min,2,1,0.5,0.5,ok,raw_data/pucon/Boya Litoral Pucon dic 2024-marzo 2025.xls; raw_data/pucon/Litoral Pucon feb 2025- mayo 2025.xls,62; 10,identical_duplicate_values
pucon,Pucón,2025-02-18,max,2,1,2.6,2.6,ok,raw_data/pucon/Boya Litoral Pucon dic 2024-marzo 2025.xls; raw_data/pucon/Litoral Pucon feb 2025- mayo 2025.xls,63; 11,identical_duplicate_values
pucon,Pucón,2025-02-18,mean,2,1,1.556,1.556,ok,raw_data/pucon/Boya Litoral Pucon dic 2024-marzo 2025.xls; raw_data/pucon/Litoral Pucon feb 2025- mayo 2025.xls,63; 11,identical_duplicate_values
pucon,Pucón,2025-02-18,min,2,1,0.3,0.3,ok,raw_data/pucon/Boya Litoral Pucon dic 2024-marzo 2025.xls; raw_data/pucon/Litoral Pucon feb 2025- mayo 2025.xls,63; 11,identical_duplicate_values
pucon,Pucón,2025-02-19,max,2,1,2.8,2.8,ok,raw_data/pucon/Boya Litoral Pucon dic 2024-marzo 2025.xls; raw_data/pucon/Litoral Pucon feb 2025- mayo 2025.xls,64; 12,identical_duplicate_values
pucon,Pucón,2025-02-19,mean,2,1,1.846,1.846,ok,raw_data/pucon/Boya Litoral Pucon dic 2024-marzo 2025.xls; raw_data/pucon/Litoral Pucon feb 2025- mayo 2025.xls,64; 12,identical_duplicate_values
pucon,Pucón,2025-02-19,min,2,1,0.8,0.8,ok,raw_data/pucon/Boya Litoral Pucon dic 2024-marzo 2025.xls; raw_data/pucon/Litoral Pucon feb 2025- mayo 2025.xls,64; 12,identical_duplicate_values
pucon,Pucón,2025-02-20,max,2,1,2.1,2.1,ok,raw_data/pucon/Boya Litoral Pucon dic 2024-marzo 2025.xls; raw_data/pucon/Litoral Pucon feb 2025- mayo 2025.xls,65; 13,identical_duplicate_values
pucon,Pucón,2025-02-20,mean,2,1,1.408,1.408,ok,raw_data/pucon/Boya Litoral Pucon dic 2024-marzo 2025.xls; raw_data/pucon/Litoral Pucon feb 2025- mayo 2025.xls,65; 13,identical_duplicate_values
pucon,Pucón,2025-02-20,min,2,1,0.6,0.6,ok,raw_data/pucon/Boya Litoral Pucon dic 2024-marzo 2025.xls; raw_data/pucon/Litoral Pucon feb 2025- mayo 2025.xls,65; 13,identical_duplicate_values
pucon,Pucón,2025-02-21,max,2,1,4.7,4.7,ok,raw_data/pucon/Boya Litoral Pucon dic 2024-marzo 2025.xls; raw_data/pucon/Litoral Pucon feb 2025- mayo 2025.xls,66; 14,identical_duplicate_values
pucon,Pucón,2025-02-21,mean,2,1,1.469,1.469,ok,raw_data/pucon/Boya Litoral Pucon dic 2024-marzo 2025.xls; raw_data/pucon/Litoral Pucon feb 2025- mayo 2025.xls,66; 14,identical_duplicate_values
pucon,Pucón,2025-02-21,min,2,1,0.6,0.6,ok,raw_data/pucon/Boya Litoral Pucon dic 2024-marzo 2025.xls; raw_data/pucon/Litoral Pucon feb 2025- mayo 2025.xls,66; 14,identical_duplicate_values
pucon,Pucón,2025-02-22,max,2,1,2.7,2.7,ok,raw_data/pucon/Boya Litoral Pucon dic 2024-marzo 2025.xls; raw_data/pucon/Litoral Pucon feb 2025- mayo 2025.xls,67; 15,identical_duplicate_values
pucon,Pucón,2025-02-22,mean,2,1,1.323,1.323,ok,raw_data/pucon/Boya Litoral Pucon dic 2024-marzo 2025.xls; raw_data/pucon/Litoral Pucon feb 2025- mayo 2025.xls,67; 15,identical_duplicate_values
pucon,Pucón,2025-02-22,min,2,1,0.5,0.5,ok,raw_data/pucon/Boya Litoral Pucon dic 2024-marzo 2025.xls; raw_data/pucon/Litoral Pucon feb 2025- mayo 2025.xls,67; 15,identical_duplicate_values
pucon,Pucón,2025-02-23,max,2,1,3.0,3.0,ok,raw_data/pucon/Boya Litoral Pucon dic 2024-marzo 2025.xls; raw_data/pucon/Litoral Pucon feb 2025- mayo 2025.xls,68; 16,identical_duplicate_values
pucon,Pucón,2025-02-23,mean,2,1,1.827,1.827,ok,raw_data/pucon/Boya Litoral Pucon dic 2024-marzo 2025.xls; raw_data/pucon/Litoral Pucon feb 2025- mayo 2025.xls,68; 16,identical_duplicate_values
pucon,Pucón,2025-02-23,min,2,1,1.2,1.2,ok,raw_data/pucon/Boya Litoral Pucon dic 2024-marzo 2025.xls; raw_data/pucon/Litoral Pucon feb 2025- mayo 2025.xls,68; 16,identical_duplicate_values
pucon,Pucón,2025-02-24,max,2,1,3.4,3.4,ok,raw_data/pucon/Boya Litoral Pucon dic 2024-marzo 2025.xls; raw_data/pucon/Litoral Pucon feb 2025- mayo 2025.xls,69; 17,identical_duplicate_values
pucon,Pucón,2025-02-24,mean,2,1,2.129,2.129,ok,raw_data/pucon/Boya Litoral Pucon dic 2024-marzo 2025.xls; raw_data/pucon/Litoral Pucon feb 2025- mayo 2025.xls,69; 17,identical_duplicate_values
pucon,Pucón,2025-02-24,min,2,1,0.9,0.9,ok,raw_data/pucon/Boya Litoral Pucon dic 2024-marzo 2025.xls; raw_data/pucon/Litoral Pucon feb 2025- mayo 2025.xls,69; 17,identical_duplicate_values
pucon,Pucón,2025-02-25,max,2,1,4.3,4.3,ok,raw_data/pucon/Boya Litoral Pucon dic 2024-marzo 2025.xls; raw_data/pucon/Litoral Pucon feb 2025- mayo 2025.xls,70; 18,identical_duplicate_values
pucon,Pucón,2025-02-25,mean,2,1,1.896,1.896,ok,raw_data/pucon/Boya Litoral Pucon dic 2024-marzo 2025.xls; raw_data/pucon/Litoral Pucon feb 2025- mayo 2025.xls,70; 18,identical_duplicate_values
pucon,Pucón,2025-02-25,min,2,1,0.5,0.5,ok,raw_data/pucon/Boya Litoral Pucon dic 2024-marzo 2025.xls; raw_data/pucon/Litoral Pucon feb 2025- mayo 2025.xls,70; 18,identical_duplicate_values
pucon,Pucón,2025-02-26,max,2,1,3.1,3.1,ok,raw_data/pucon/Boya Litoral Pucon dic 2024-marzo 2025.xls; raw_data/pucon/Litoral Pucon feb 2025- mayo 2025.xls,71; 19,identical_duplicate_values
pucon,Pucón,2025-02-26,mean,2,1,1.706,1.706,ok,raw_data/pucon/Boya Litoral Pucon dic 2024-marzo 2025.xls; raw_data/pucon/Litoral Pucon feb 2025- mayo 2025.xls,71; 19,identical_duplicate_values
pucon,Pucón,2025-02-26,min,2,1,0.6,0.6,ok,raw_data/pucon/Boya Litoral Pucon dic 2024-marzo 2025.xls; raw_data/pucon/Litoral Pucon feb 2025- mayo 2025.xls,71; 19,identical_duplicate_values
pucon,Pucón,2025-02-27,max,2,1,3.2,3.2,ok,raw_data/pucon/Boya Litoral Pucon dic 2024-marzo 2025.xls; raw_data/pucon/Litoral Pucon feb 2025- mayo 2025.xls,72; 20,identical_duplicate_values
pucon,Pucón,2025-02-27,mean,2,1,2.192,2.192,ok,raw_data/pucon/Boya Litoral Pucon dic 2024-marzo 2025.xls; raw_data/pucon/Litoral Pucon feb 2025- mayo 2025.xls,72; 20,identical_duplicate_values
pucon,Pucón,2025-02-27,min,2,1,1.0,1.0,ok,raw_data/pucon/Boya Litoral Pucon dic 2024-marzo 2025.xls; raw_data/pucon/Litoral Pucon feb 2025- mayo 2025.xls,72; 20,identical_duplicate_values
pucon,Pucón,2025-02-28,max,2,1,193.6,193.6,ok,raw_data/pucon/Boya Litoral Pucon dic 2024-marzo 2025.xls; raw_data/pucon/Litoral Pucon feb 2025- mayo 2025.xls,73; 21,identical_duplicate_values
pucon,Pucón,2025-02-28,mean,2,1,6.949,6.949,ok,raw_data/pucon/Boya Litoral Pucon dic 2024-marzo 2025.xls; raw_data/pucon/Litoral Pucon feb 2025- mayo 2025.xls,73; 21,identical_duplicate_values
pucon,Pucón,2025-02-28,min,2,1,1.1,1.1,ok,raw_data/pucon/Boya Litoral Pucon dic 2024-marzo 2025.xls; raw_data/pucon/Litoral Pucon feb 2025- mayo 2025.xls,73; 21,identical_duplicate_values
pucon,Pucón,2025-03-01,max,2,1,3.3,3.3,ok,raw_data/pucon/Boya Litoral Pucon dic 2024-marzo 2025.xls; raw_data/pucon/Litoral Pucon feb 2025- mayo 2025.xls,74; 22,identical_duplicate_values
pucon,Pucón,2025-03-01,mean,2,1,2.515,2.515,ok,raw_data/pucon/Boya Litoral Pucon dic 2024-marzo 2025.xls; raw_data/pucon/Litoral Pucon feb 2025- mayo 2025.xls,74; 22,identical_duplicate_values
pucon,Pucón,2025-03-01,min,2,1,1.3,1.3,ok,raw_data/pucon/Boya Litoral Pucon dic 2024-marzo 2025.xls; raw_data/pucon/Litoral Pucon feb 2025- mayo 2025.xls,74; 22,identical_duplicate_values
pucon,Pucón,2025-03-02,max,2,1,4.9,4.9,ok,raw_data/pucon/Boya Litoral Pucon dic 2024-marzo 2025.xls; raw_data/pucon/Litoral Pucon feb 2025- mayo 2025.xls,75; 23,identical_duplicate_values
pucon,Pucón,2025-03-02,mean,2,1,2.779,2.779,ok,raw_data/pucon/Boya Litoral Pucon dic 2024-marzo 2025.xls; raw_data/pucon/Litoral Pucon feb 2025- mayo 2025.xls,75; 23,identical_duplicate_values
pucon,Pucón,2025-03-02,min,2,1,0.9,0.9,ok,raw_data/pucon/Boya Litoral Pucon dic 2024-marzo 2025.xls; raw_data/pucon/Litoral Pucon feb 2025- mayo 2025.xls,75; 23,identical_duplicate_values
pucon,Pucón,2025-03-03,max,2,1,3.9,3.9,ok,raw_data/pucon/Boya Litoral Pucon dic 2024-marzo 2025.xls; raw_data/pucon/Litoral Pucon feb 2025- mayo 2025.xls,76; 24,identical_duplicate_values
pucon,Pucón,2025-03-03,mean,2,1,2.558,2.558,ok,raw_data/pucon/Boya Litoral Pucon dic 2024-marzo 2025.xls; raw_data/pucon/Litoral Pucon feb 2025- mayo 2025.xls,76; 24,identical_duplicate_values
pucon,Pucón,2025-03-03,min,2,1,1.4,1.4,ok,raw_data/pucon/Boya Litoral Pucon dic 2024-marzo 2025.xls; raw_data/pucon/Litoral Pucon feb 2025- mayo 2025.xls,76; 24,identical_duplicate_values
pucon,Pucón,2025-03-04,max,2,1,3.7,3.7,ok,raw_data/pucon/Boya Litoral Pucon dic 2024-marzo 2025.xls; raw_data/pucon/Litoral Pucon feb 2025- mayo 2025.xls,77; 25,identical_duplicate_values
pucon,Pucón,2025-03-04,mean,2,1,2.512,2.512,ok,raw_data/pucon/Boya Litoral Pucon dic 2024-marzo 2025.xls; raw_data/pucon/Litoral Pucon feb 2025- mayo 2025.xls,77; 25,identical_duplicate_values
pucon,Pucón,2025-03-04,min,2,1,1.4,1.4,ok,raw_data/pucon/Boya Litoral Pucon dic 2024-marzo 2025.xls; raw_data/pucon/Litoral Pucon feb 2025- mayo 2025.xls,77; 25,identical_duplicate_values
pucon,Pucón,2025-03-05,max,2,1,3.5,3.5,ok,raw_data/pucon/Boya Litoral Pucon dic 2024-marzo 2025.xls; raw_data/pucon/Litoral Pucon feb 2025- mayo 2025.xls,78; 26,identical_duplicate_values
pucon,Pucón,2025-03-05,mean,2,1,1.725,1.725,ok,raw_data/pucon/Boya Litoral Pucon dic 2024-marzo 2025.xls; raw_data/pucon/Litoral Pucon feb 2025- mayo 2025.xls,78; 26,identical_duplicate_values
pucon,Pucón,2025-03-05,min,2,1,0.4,0.4,ok,raw_data/pucon/Boya Litoral Pucon dic 2024-marzo 2025.xls; raw_data/pucon/Litoral Pucon feb 2025- mayo 2025.xls,78; 26,identical_duplicate_values
pucon,Pucón,2025-03-06,max,2,1,3.2,3.2,ok,raw_data/pucon/Boya Litoral Pucon dic 2024-marzo 2025.xls; raw_data/pucon/Litoral Pucon feb 2025- mayo 2025.xls,79; 27,identical_duplicate_values
pucon,Pucón,2025-03-06,mean,2,1,2.017,2.017,ok,raw_data/pucon/Boya Litoral Pucon dic 2024-marzo 2025.xls; raw_data/pucon/Litoral Pucon feb 2025- mayo 2025.xls,79; 27,identical_duplicate_values
pucon,Pucón,2025-03-06,min,2,1,1.0,1.0,ok,raw_data/pucon/Boya Litoral Pucon dic 2024-marzo 2025.xls; raw_data/pucon/Litoral Pucon feb 2025- mayo 2025.xls,79; 27,identical_duplicate_values
pucon,Pucón,2025-03-07,max,2,1,3.5,3.5,ok,raw_data/pucon/Boya Litoral Pucon dic 2024-marzo 2025.xls; raw_data/pucon/Litoral Pucon feb 2025- mayo 2025.xls,80; 28,identical_duplicate_values
pucon,Pucón,2025-03-07,mean,2,1,2.831,2.831,ok,raw_data/pucon/Boya Litoral Pucon dic 2024-marzo 2025.xls; raw_data/pucon/Litoral Pucon feb 2025- mayo 2025.xls,80; 28,identical_duplicate_values
pucon,Pucón,2025-03-07,min,2,1,1.5,1.5,ok,raw_data/pucon/Boya Litoral Pucon dic 2024-marzo 2025.xls; raw_data/pucon/Litoral Pucon feb 2025- mayo 2025.xls,80; 28,identical_duplicate_values
pucon,Pucón,2025-03-08,max,2,1,3.8,3.8,ok,raw_data/pucon/Boya Litoral Pucon dic 2024-marzo 2025.xls; raw_data/pucon/Litoral Pucon feb 2025- mayo 2025.xls,81; 29,identical_duplicate_values
pucon,Pucón,2025-03-08,mean,2,1,2.067,2.067,ok,raw_data/pucon/Boya Litoral Pucon dic 2024-marzo 2025.xls; raw_data/pucon/Litoral Pucon feb 2025- mayo 2025.xls,81; 29,identical_duplicate_values
pucon,Pucón,2025-03-08,min,2,1,0.8,0.8,ok,raw_data/pucon/Boya Litoral Pucon dic 2024-marzo 2025.xls; raw_data/pucon/Litoral Pucon feb 2025- mayo 2025.xls,81; 29,identical_duplicate_values
pucon,Pucón,2025-03-09,max,2,1,3.2,3.2,ok,raw_data/pucon/Boya Litoral Pucon dic 2024-marzo 2025.xls; raw_data/pucon/Litoral Pucon feb 2025- mayo 2025.xls,82; 30,identical_duplicate_values
pucon,Pucón,2025-03-09,mean,2,1,1.773,1.773,ok,raw_data/pucon/Boya Litoral Pucon dic 2024-marzo 2025.xls; raw_data/pucon/Litoral Pucon feb 2025- mayo 2025.xls,82; 30,identical_duplicate_values
pucon,Pucón,2025-03-09,min,2,1,0.6,0.6,ok,raw_data/pucon/Boya Litoral Pucon dic 2024-marzo 2025.xls; raw_data/pucon/Litoral Pucon feb 2025- mayo 2025.xls,82; 30,identical_duplicate_values
pucon,Pucón,2025-03-10,max,2,1,3.3,3.3,ok,raw_data/pucon/Boya Litoral Pucon dic 2024-marzo 2025.xls; raw_data/pucon/Litoral Pucon feb 2025- mayo 2025.xls,83; 31,identical_duplicate_values
pucon,Pucón,2025-03-10,mean,2,1,2.319,2.319,ok,raw_data/pucon/Boya Litoral Pucon dic 2024-marzo 2025.xls; raw_data/pucon/Litoral Pucon feb 2025- mayo 2025.xls,83; 31,identical_duplicate_values
pucon,Pucón,2025-03-10,min,2,1,1.3,1.3,ok,raw_data/pucon/Boya Litoral Pucon dic 2024-marzo 2025.xls; raw_data/pucon/Litoral Pucon feb 2025- mayo 2025.xls,83; 31,identical_duplicate_values
pucon,Pucón,2025-03-11,max,2,1,3.4,3.4,ok,raw_data/pucon/Boya Litoral Pucon dic 2024-marzo 2025.xls; raw_data/pucon/Litoral Pucon feb 2025- mayo 2025.xls,84; 32,identical_duplicate_values
pucon,Pucón,2025-03-11,mean,2,1,2.204,2.204,ok,raw_data/pucon/Boya Litoral Pucon dic 2024-marzo 2025.xls; raw_data/pucon/Litoral Pucon feb 2025- mayo 2025.xls,84; 32,identical_duplicate_values
pucon,Pucón,2025-03-11,min,2,1,0.7,0.7,ok,raw_data/pucon/Boya Litoral Pucon dic 2024-marzo 2025.xls; raw_data/pucon/Litoral Pucon feb 2025- mayo 2025.xls,84; 32,identical_duplicate_values
pucon,Pucón,2025-03-12,max,2,1,2.9,2.9,ok,raw_data/pucon/Boya Litoral Pucon dic 2024-marzo 2025.xls; raw_data/pucon/Litoral Pucon feb 2025- mayo 2025.xls,85; 33,identical_duplicate_values
pucon,Pucón,2025-03-12,mean,2,1,1.969,1.969,ok,raw_data/pucon/Boya Litoral Pucon dic 2024-marzo 2025.xls; raw_data/pucon/Litoral Pucon feb 2025- mayo 2025.xls,85; 33,identical_duplicate_values
pucon,Pucón,2025-03-12,min,2,1,0.9,0.9,ok,raw_data/pucon/Boya Litoral Pucon dic 2024-marzo 2025.xls; raw_data/pucon/Litoral Pucon feb 2025- mayo 2025.xls,85; 33,identical_duplicate_values
pucon,Pucón,2025-03-13,max,2,1,3.7,3.7,ok,raw_data/pucon/Boya Litoral Pucon dic 2024-marzo 2025.xls; raw_data/pucon/Litoral Pucon feb 2025- mayo 2025.xls,86; 34,identical_duplicate_values
pucon,Pucón,2025-03-13,mean,2,1,1.971,1.971,ok,raw_data/pucon/Boya Litoral Pucon dic 2024-marzo 2025.xls; raw_data/pucon/Litoral Pucon feb 2025- mayo 2025.xls,86; 34,identical_duplicate_values
pucon,Pucón,2025-03-13,min,2,1,0.7,0.7,ok,raw_data/pucon/Boya Litoral Pucon dic 2024-marzo 2025.xls; raw_data/pucon/Litoral Pucon feb 2025- mayo 2025.xls,86; 34,identical_duplicate_values
pucon,Pucón,2025-03-14,max,2,1,2.7,2.7,ok,raw_data/pucon/Boya Litoral Pucon dic 2024-marzo 2025.xls; raw_data/pucon/Litoral Pucon feb 2025- mayo 2025.xls,87; 35,identical_duplicate_values
pucon,Pucón,2025-03-14,mean,2,1,1.921,1.921,ok,raw_data/pucon/Boya Litoral Pucon dic 2024-marzo 2025.xls; raw_data/pucon/Litoral Pucon feb 2025- mayo 2025.xls,87; 35,identical_duplicate_values
pucon,Pucón,2025-03-14,min,2,1,1.0,1.0,ok,raw_data/pucon/Boya Litoral Pucon dic 2024-marzo 2025.xls; raw_data/pucon/Litoral Pucon feb 2025- mayo 2025.xls,87; 35,identical_duplicate_values
pucon,Pucón,2025-03-15,max,2,1,2.5,2.5,ok,raw_data/pucon/Boya Litoral Pucon dic 2024-marzo 2025.xls; raw_data/pucon/Litoral Pucon feb 2025- mayo 2025.xls,88; 36,identical_duplicate_values
pucon,Pucón,2025-03-15,mean,2,1,1.935,1.935,ok,raw_data/pucon/Boya Litoral Pucon dic 2024-marzo 2025.xls; raw_data/pucon/Litoral Pucon feb 2025- mayo 2025.xls,88; 36,identical_duplicate_values
pucon,Pucón,2025-03-15,min,2,1,1.1,1.1,ok,raw_data/pucon/Boya Litoral Pucon dic 2024-marzo 2025.xls; raw_data/pucon/Litoral Pucon feb 2025- mayo 2025.xls,88; 36,identical_duplicate_values
pucon,Pucón,2025-03-16,max,2,1,2.8,2.8,ok,raw_data/pucon/Boya Litoral Pucon dic 2024-marzo 2025.xls; raw_data/pucon/Litoral Pucon feb 2025- mayo 2025.xls,89; 37,identical_duplicate_values
pucon,Pucón,2025-03-16,mean,2,1,1.667,1.667,ok,raw_data/pucon/Boya Litoral Pucon dic 2024-marzo 2025.xls; raw_data/pucon/Litoral Pucon feb 2025- mayo 2025.xls,89; 37,identical_duplicate_values
pucon,Pucón,2025-03-16,min,2,1,0.6,0.6,ok,raw_data/pucon/Boya Litoral Pucon dic 2024-marzo 2025.xls; raw_data/pucon/Litoral Pucon feb 2025- mayo 2025.xls,89; 37,identical_duplicate_values
pucon,Pucón,2025-03-17,max,2,1,2.3,2.3,ok,raw_data/pucon/Boya Litoral Pucon dic 2024-marzo 2025.xls; raw_data/pucon/Litoral Pucon feb 2025- mayo 2025.xls,90; 38,identical_duplicate_values
pucon,Pucón,2025-03-17,mean,2,1,1.342,1.342,ok,raw_data/pucon/Boya Litoral Pucon dic 2024-marzo 2025.xls; raw_data/pucon/Litoral Pucon feb 2025- mayo 2025.xls,90; 38,identical_duplicate_values
pucon,Pucón,2025-03-17,min,2,1,0.6,0.6,ok,raw_data/pucon/Boya Litoral Pucon dic 2024-marzo 2025.xls; raw_data/pucon/Litoral Pucon feb 2025- mayo 2025.xls,90; 38,identical_duplicate_values
pucon,Pucón,2025-03-18,max,2,1,2.5,2.5,ok,raw_data/pucon/Boya Litoral Pucon dic 2024-marzo 2025.xls; raw_data/pucon/Litoral Pucon feb 2025- mayo 2025.xls,91; 39,identical_duplicate_values
pucon,Pucón,2025-03-18,mean,2,1,1.302,1.302,ok,raw_data/pucon/Boya Litoral Pucon dic 2024-marzo 2025.xls; raw_data/pucon/Litoral Pucon feb 2025- mayo 2025.xls,91; 39,identical_duplicate_values
pucon,Pucón,2025-03-18,min,2,1,0.6,0.6,ok,raw_data/pucon/Boya Litoral Pucon dic 2024-marzo 2025.xls; raw_data/pucon/Litoral Pucon feb 2025- mayo 2025.xls,91; 39,identical_duplicate_values
pucon,Pucón,2025-03-19,max,2,2,1.6,2.3,ok,raw_data/pucon/Boya Litoral Pucon dic 2024-marzo 2025.xls; raw_data/pucon/Litoral Pucon feb 2025- mayo 2025.xls,92; 40,conflicting_duplicate_values
pucon,Pucón,2025-03-19,mean,2,2,1.011,1.129,ok,raw_data/pucon/Boya Litoral Pucon dic 2024-marzo 2025.xls; raw_data/pucon/Litoral Pucon feb 2025- mayo 2025.xls,92; 40,conflicting_duplicate_values
pucon,Pucón,2025-03-19,min,2,1,0.3,0.3,ok,raw_data/pucon/Boya Litoral Pucon dic 2024-marzo 2025.xls; raw_data/pucon/Litoral Pucon feb 2025- mayo 2025.xls,92; 40,identical_duplicate_values
