run_id,station_id,station_name,model,model_family,model_identifier,model_version,origin_date,target_date,horizon,context_start,context_end,context_length_used,y_true,y_true_observed,y_pred,q10,q50,q90,target_is_direct_observation,target_is_imputed,target_imputation_method,target_is_iqr_outlier,target_is_outlier_removed,prediction_source,training_site,evaluation_site
foundation_20260531T200051Z,la_poza,La Poza,TimesFM,timesfm,google/timesfm-2.0-500m-pytorch,1.3.0,2023-12-31,2024-01-01,1,2022-08-22,2023-12-31,497,1.8794465184485616,,1.1399507522583008,0.9250490665435792,1.1399507522583008,1.4365592002868652,False,True,historical_seasonal_harmonic_analog_residual,False,False,foundation_model_runtime,la_poza,la_poza
foundation_20260531T200051Z,la_poza,La Poza,TimesFM,timesfm,google/timesfm-2.0-500m-pytorch,1.3.0,2023-12-31,2024-01-07,7,2022-08-22,2023-12-31,497,1.787392362576436,,1.1489605903625488,0.9021201133728028,1.1489605903625488,1.6619274616241455,False,True,historical_seasonal_harmonic_analog_residual,False,False,foundation_model_runtime,la_poza,la_poza
foundation_20260531T200051Z,la_poza,La Poza,TimesFM,timesfm,google/timesfm-2.0-500m-pytorch,1.3.0,2023-12-31,2024-01-14,14,2022-08-22,2023-12-31,497,1.6397477979400483,,1.1576659679412842,0.9118740558624268,1.1576659679412842,1.88077974319458,False,True,historical_seasonal_harmonic_analog_residual,False,False,foundation_model_runtime,la_poza,la_poza
foundation_20260531T200051Z,la_poza,La Poza,TimesFM,timesfm,google/timesfm-2.0-500m-pytorch,1.3.0,2023-12-31,2024-01-28,28,2022-08-22,2023-12-31,497,2.6953384284643818,,1.1721549034118652,0.8938512802124023,1.1721549034118652,2.4155197143554688,False,True,historical_seasonal_harmonic_analog_residual,False,False,foundation_model_runtime,la_poza,la_poza
foundation_20260531T200051Z,la_poza,La Poza,TimesFM,timesfm,google/timesfm-2.0-500m-pytorch,1.3.0,2024-01-14,2024-01-15,1,2022-08-22,2024-01-14,511,1.616159472104104,,1.565720796585083,1.3575785160064695,1.565720796585083,1.814094066619873,False,True,historical_seasonal_harmonic_analog_residual,False,False,foundation_model_runtime,la_poza,la_poza
foundation_20260531T200051Z,la_poza,La Poza,TimesFM,timesfm,google/timesfm-2.0-500m-pytorch,1.3.0,2024-01-14,2024-01-21,7,2022-08-22,2024-01-14,511,1.982353759297454,,1.5228722095489502,1.188135862350464,1.5228722095489502,1.9774165153503416,False,True,historical_seasonal_harmonic_analog_residual,False,False,foundation_model_runtime,la_poza,la_poza
foundation_20260531T200051Z,la_poza,La Poza,TimesFM,timesfm,google/timesfm-2.0-500m-pytorch,1.3.0,2024-01-14,2024-01-28,14,2022-08-22,2024-01-14,511,2.6953384284643818,,1.53753924369812,1.1732797622680664,1.53753924369812,2.179690361022949,False,True,historical_seasonal_harmonic_analog_residual,False,False,foundation_model_runtime,la_poza,la_poza
foundation_20260531T200051Z,la_poza,La Poza,TimesFM,timesfm,google/timesfm-2.0-500m-pytorch,1.3.0,2024-01-14,2024-02-11,28,2022-08-22,2024-01-14,511,3.858,3.858,1.6668002605438232,1.0635581016540527,1.6668002605438232,2.639619827270508,True,False,observed,False,False,foundation_model_runtime,la_poza,la_poza
foundation_20260531T200051Z,la_poza,La Poza,TimesFM,timesfm,google/timesfm-2.0-500m-pytorch,1.3.0,2024-01-28,2024-01-29,1,2022-08-22,2024-01-28,525,2.794337682531354,,2.6730313301086426,2.423738956451416,2.6730313301086426,2.9502060413360596,False,True,historical_seasonal_harmonic_analog_residual,False,False,foundation_model_runtime,la_poza,la_poza
foundation_20260531T200051Z,la_poza,La Poza,TimesFM,timesfm,google/timesfm-2.0-500m-pytorch,1.3.0,2024-01-28,2024-02-04,7,2022-08-22,2024-01-28,525,3.4180108642524667,,2.7522342205047607,2.279837131500244,2.7522342205047607,3.267974853515625,False,True,historical_seasonal_harmonic_analog_residual,False,False,foundation_model_runtime,la_poza,la_poza
foundation_20260531T200051Z,la_poza,La Poza,TimesFM,timesfm,google/timesfm-2.0-500m-pytorch,1.3.0,2024-01-28,2024-02-11,14,2022-08-22,2024-01-28,525,3.858,3.858,2.8665003776550293,2.214617967605591,2.8665003776550293,3.4822511672973633,True,False,observed,False,False,foundation_model_runtime,la_poza,la_poza
foundation_20260531T200051Z,la_poza,La Poza,TimesFM,timesfm,google/timesfm-2.0-500m-pytorch,1.3.0,2024-01-28,2024-02-25,28,2022-08-22,2024-01-28,525,1.448,1.448,3.060673713684082,2.0217456817626953,3.060673713684082,3.960981130599976,True,False,observed,False,False,foundation_model_runtime,la_poza,la_poza
foundation_20260531T200051Z,la_poza,La Poza,TimesFM,timesfm,google/timesfm-2.0-500m-pytorch,1.3.0,2024-02-11,2024-02-12,1,2022-08-22,2024-02-11,539,3.533,3.533,3.611340761184693,3.257411241531372,3.611340761184693,3.920742988586426,True,False,observed,False,False,foundation_model_runtime,la_poza,la_poza
foundation_20260531T200051Z,la_poza,La Poza,TimesFM,timesfm,google/timesfm-2.0-500m-pytorch,1.3.0,2024-02-11,2024-02-18,7,2022-08-22,2024-02-11,539,2.796,2.796,3.5519323348999023,2.8157927989959717,3.5519323348999023,4.05924129486084,True,False,observed,False,False,foundation_model_runtime,la_poza,la_poza
foundation_20260531T200051Z,la_poza,La Poza,TimesFM,timesfm,google/timesfm-2.0-500m-pytorch,1.3.0,2024-02-11,2024-02-25,14,2022-08-22,2024-02-11,539,1.448,1.448,3.5157809257507324,2.602494478225708,3.5157809257507324,4.166838645935059,True,False,observed,False,False,foundation_model_runtime,la_poza,la_poza
foundation_20260531T200051Z,la_poza,La Poza,TimesFM,timesfm,google/timesfm-2.0-500m-pytorch,1.3.0,2024-02-11,2024-03-10,28,2022-08-22,2024-02-11,539,0.356,0.356,3.766708850860596,2.9464478492736816,3.766708850860596,4.470780372619629,True,False,observed,False,False,foundation_model_runtime,la_poza,la_poza
foundation_20260531T200051Z,la_poza,La Poza,TimesFM,timesfm,google/timesfm-2.0-500m-pytorch,1.3.0,2024-02-25,2024-02-26,1,2022-08-22,2024-02-25,553,1.504,1.504,1.507063865661621,1.225837230682373,1.507063865661621,2.185211658477783,True,False,observed,False,False,foundation_model_runtime,la_poza,la_poza
foundation_20260531T200051Z,la_poza,La Poza,TimesFM,timesfm,google/timesfm-2.0-500m-pytorch,1.3.0,2024-02-25,2024-03-03,7,2022-08-22,2024-02-25,553,1.021,1.021,1.6948246955871582,1.018843412399292,1.6948246955871582,3.391940116882324,True,False,observed,False,False,foundation_model_runtime,la_poza,la_poza
foundation_20260531T200051Z,la_poza,La Poza,TimesFM,timesfm,google/timesfm-2.0-500m-pytorch,1.3.0,2024-02-25,2024-03-10,14,2022-08-22,2024-02-25,553,0.356,0.356,1.827115535736084,0.9998214244842528,1.827115535736084,3.9136996269226074,True,False,observed,False,False,foundation_model_runtime,la_poza,la_poza
foundation_20260531T200051Z,la_poza,La Poza,TimesFM,timesfm,google/timesfm-2.0-500m-pytorch,1.3.0,2024-02-25,2024-03-24,28,2022-08-22,2024-02-25,553,0.442,0.442,2.1277809143066406,0.9681079387664796,2.1277809143066406,4.4207940101623535,True,False,observed,False,False,foundation_model_runtime,la_poza,la_poza
foundation_20260531T200051Z,la_poza,La Poza,TimesFM,timesfm,google/timesfm-2.0-500m-pytorch,1.3.0,2024-03-10,2024-03-11,1,2022-08-22,2024-03-10,567,0.363,0.363,0.4687647819519043,0.0871813297271728,0.4687647819519043,0.9428904056549072,True,False,observed,False,False,foundation_model_runtime,la_poza,la_poza
foundation_20260531T200051Z,la_poza,La Poza,TimesFM,timesfm,google/timesfm-2.0-500m-pytorch,1.3.0,2024-03-10,2024-03-17,7,2022-08-22,2024-03-10,567,0.54,0.54,0.4006655216217041,-0.450599193572998,0.4006655216217041,1.333486795425415,True,False,observed,False,False,foundation_model_runtime,la_poza,la_poza
foundation_20260531T200051Z,la_poza,La Poza,TimesFM,timesfm,google/timesfm-2.0-500m-pytorch,1.3.0,2024-03-10,2024-03-24,14,2022-08-22,2024-03-10,567,0.442,0.442,0.4788417816162109,-0.620823860168457,0.4788417816162109,1.6638493537902832,True,False,observed,False,False,foundation_model_runtime,la_poza,la_poza
foundation_20260531T200051Z,la_poza,La Poza,TimesFM,timesfm,google/timesfm-2.0-500m-pytorch,1.3.0,2024-03-10,2024-04-07,28,2022-08-22,2024-03-10,567,0.975,0.975,0.4871654510498047,-0.9586691856384276,0.4871654510498047,1.928861618041992,True,False,observed,False,False,foundation_model_runtime,la_poza,la_poza
foundation_20260531T200051Z,la_poza,La Poza,TimesFM,timesfm,google/timesfm-2.0-500m-pytorch,1.3.0,2024-03-24,2024-03-25,1,2022-08-22,2024-03-24,581,0.546,0.546,0.6987028121948242,0.4035851955413818,0.6987028121948242,1.1477673053741455,True,False,observed,False,False,foundation_model_runtime,la_poza,la_poza
foundation_20260531T200051Z,la_poza,La Poza,TimesFM,timesfm,google/timesfm-2.0-500m-pytorch,1.3.0,2024-03-24,2024-03-31,7,2022-08-22,2024-03-24,581,0.696,0.696,0.678462028503418,0.0887534618377685,0.678462028503418,1.273243427276611,True,False,observed,False,False,foundation_model_runtime,la_poza,la_poza
foundation_20260531T200051Z,la_poza,La Poza,TimesFM,timesfm,google/timesfm-2.0-500m-pytorch,1.3.0,2024-03-24,2024-04-07,14,2022-08-22,2024-03-24,581,0.975,0.975,0.7087512016296387,-0.0180234909057617,0.7087512016296387,1.5062882900238037,True,False,observed,False,False,foundation_model_runtime,la_poza,la_poza
foundation_20260531T200051Z,la_poza,La Poza,TimesFM,timesfm,google/timesfm-2.0-500m-pytorch,1.3.0,2024-03-24,2024-04-21,28,2022-08-22,2024-03-24,581,1.569,1.569,0.6717679500579834,-0.3281154632568359,0.6717679500579834,1.7135071754455566,True,False,observed,False,False,foundation_model_runtime,la_poza,la_poza
foundation_20260531T200051Z,la_poza,La Poza,TimesFM,timesfm,google/timesfm-2.0-500m-pytorch,1.3.0,2024-04-07,2024-04-08,1,2022-08-22,2024-04-07,595,0.84,0.84,1.0437664985656738,0.8371074199676514,1.0437664985656738,1.310074806213379,True,False,observed,False,False,foundation_model_runtime,la_poza,la_poza
foundation_20260531T200051Z,la_poza,La Poza,TimesFM,timesfm,google/timesfm-2.0-500m-pytorch,1.3.0,2024-04-07,2024-04-14,7,2022-08-22,2024-04-07,595,0.356,0.356,1.1632936000823977,0.7696504592895508,1.1632936000823977,1.961099863052368,True,False,observed,False,False,foundation_model_runtime,la_poza,la_poza
foundation_20260531T200051Z,la_poza,La Poza,TimesFM,timesfm,google/timesfm-2.0-500m-pytorch,1.3.0,2024-04-07,2024-04-21,14,2022-08-22,2024-04-07,595,1.569,1.569,1.1681890487670898,0.6614432334899902,1.1681890487670898,2.459868907928467,True,False,observed,False,False,foundation_model_runtime,la_poza,la_poza
foundation_20260531T200051Z,la_poza,La Poza,TimesFM,timesfm,google/timesfm-2.0-500m-pytorch,1.3.0,2024-04-07,2024-05-05,28,2022-08-22,2024-04-07,595,0.731,0.731,1.2872135639190674,0.5372316837310791,1.2872135639190674,3.2246220111846924,True,False,observed,False,False,foundation_model_runtime,la_poza,la_poza
foundation_20260531T200051Z,la_poza,La Poza,TimesFM,timesfm,google/timesfm-2.0-500m-pytorch,1.3.0,2024-04-21,2024-04-22,1,2022-08-22,2024-04-21,609,1.508,1.508,1.627722978591919,1.306661605834961,1.627722978591919,1.89414644241333,True,False,observed,False,False,foundation_model_runtime,la_poza,la_poza
foundation_20260531T200051Z,la_poza,La Poza,TimesFM,timesfm,google/timesfm-2.0-500m-pytorch,1.3.0,2024-04-21,2024-04-28,7,2022-08-22,2024-04-21,609,0.698,0.698,1.6022377014160156,0.8801865577697754,1.6022377014160156,2.4870615005493164,True,False,observed,False,False,foundation_model_runtime,la_poza,la_poza
foundation_20260531T200051Z,la_poza,La Poza,TimesFM,timesfm,google/timesfm-2.0-500m-pytorch,1.3.0,2024-04-21,2024-05-05,14,2022-08-22,2024-04-21,609,0.731,0.731,1.6495420932769775,0.8065381050109863,1.6495420932769775,2.8703999519348145,True,False,observed,False,False,foundation_model_runtime,la_poza,la_poza
foundation_20260531T200051Z,la_poza,La Poza,TimesFM,timesfm,google/timesfm-2.0-500m-pytorch,1.3.0,2024-04-21,2024-05-19,28,2022-08-22,2024-04-21,609,0.8421150233629702,,1.6111435890197754,0.5824906826019287,1.6111435890197754,3.1810383796691895,False,True,historical_seasonal_harmonic_analog_residual,False,False,foundation_model_runtime,la_poza,la_poza
foundation_20260531T200051Z,la_poza,La Poza,TimesFM,timesfm,google/timesfm-2.0-500m-pytorch,1.3.0,2024-05-05,2024-05-06,1,2022-08-22,2024-05-05,623,0.802,0.802,0.7433421611785889,0.5568819046020508,0.7433421611785889,1.036912441253662,True,False,observed,False,False,foundation_model_runtime,la_poza,la_poza
foundation_20260531T200051Z,la_poza,La Poza,TimesFM,timesfm,google/timesfm-2.0-500m-pytorch,1.3.0,2024-05-05,2024-05-12,7,2022-08-22,2024-05-05,623,1.1162654759460522,,0.9286744594573976,0.4338908195495605,0.9286744594573976,1.856783390045166,False,True,historical_seasonal_harmonic_analog_residual,False,False,foundation_model_runtime,la_poza,la_poza
foundation_20260531T200051Z,la_poza,La Poza,TimesFM,timesfm,google/timesfm-2.0-500m-pytorch,1.3.0,2024-05-05,2024-05-19,14,2022-08-22,2024-05-05,623,0.8421150233629702,,1.0272600650787354,0.4151902198791504,1.0272600650787354,2.38818359375,False,True,historical_seasonal_harmonic_analog_residual,False,False,foundation_model_runtime,la_poza,la_poza
foundation_20260531T200051Z,la_poza,La Poza,TimesFM,timesfm,google/timesfm-2.0-500m-pytorch,1.3.0,2024-05-05,2024-06-02,28,2022-08-22,2024-05-05,623,0.9414417557499888,,1.1184732913970947,0.3442609310150146,1.1184732913970947,2.7834417819976807,False,True,historical_seasonal_harmonic_analog_residual,False,False,foundation_model_runtime,la_poza,la_poza
foundation_20260531T200051Z,la_poza,La Poza,TimesFM,timesfm,google/timesfm-2.0-500m-pytorch,1.3.0,2024-05-19,2024-05-20,1,2022-08-22,2024-05-19,637,0.8343801585533606,,0.8791663646697998,0.7507002353668213,0.8791663646697998,1.0669670104980469,False,True,historical_seasonal_harmonic_analog_residual,False,False,foundation_model_runtime,la_poza,la_poza
foundation_20260531T200051Z,la_poza,La Poza,TimesFM,timesfm,google/timesfm-2.0-500m-pytorch,1.3.0,2024-05-19,2024-05-26,7,2022-08-22,2024-05-19,637,0.7909136694601437,,1.0104715824127195,0.6755120754241943,1.0104715824127195,1.540769100189209,False,True,historical_seasonal_harmonic_analog_residual,False,False,foundation_model_runtime,la_poza,la_poza
foundation_20260531T200051Z,la_poza,La Poza,TimesFM,timesfm,google/timesfm-2.0-500m-pytorch,1.3.0,2024-05-19,2024-06-02,14,2022-08-22,2024-05-19,637,0.9414417557499888,,1.0763237476348877,0.6979050636291504,1.0763237476348877,1.956068754196167,False,True,historical_seasonal_harmonic_analog_residual,False,False,foundation_model_runtime,la_poza,la_poza
foundation_20260531T200051Z,la_poza,La Poza,TimesFM,timesfm,google/timesfm-2.0-500m-pytorch,1.3.0,2024-05-19,2024-06-16,28,2022-08-22,2024-05-19,637,0.9510952870239848,,1.078380107879639,0.5260214805603027,1.078380107879639,2.450700283050537,False,True,historical_seasonal_harmonic_analog_residual,False,False,foundation_model_runtime,la_poza,la_poza
foundation_20260531T200051Z,la_poza,La Poza,TimesFM,timesfm,google/timesfm-2.0-500m-pytorch,1.3.0,2024-06-02,2024-06-03,1,2022-08-22,2024-06-02,651,0.9721989655177592,,0.9388747215270996,0.7899324893951416,0.9388747215270996,1.2536535263061523,False,True,historical_seasonal_harmonic_analog_residual,False,False,foundation_model_runtime,la_poza,la_poza
foundation_20260531T200051Z,la_poza,La Poza,TimesFM,timesfm,google/timesfm-2.0-500m-pytorch,1.3.0,2024-06-02,2024-06-09,7,2022-08-22,2024-06-02,651,0.9337816135370316,,0.997391939163208,0.76845383644104,0.997391939163208,1.4287970066070557,False,True,historical_seasonal_harmonic_analog_residual,False,False,foundation_model_runtime,la_poza,la_poza
foundation_20260531T200051Z,la_poza,La Poza,TimesFM,timesfm,google/timesfm-2.0-500m-pytorch,1.3.0,2024-06-02,2024-06-16,14,2022-08-22,2024-06-02,651,0.9510952870239848,,0.99686598777771,0.6955983638763428,0.99686598777771,1.602550029754639,False,True,historical_seasonal_harmonic_analog_residual,False,False,foundation_model_runtime,la_poza,la_poza
foundation_20260531T200051Z,la_poza,La Poza,TimesFM,timesfm,google/timesfm-2.0-500m-pytorch,1.3.0,2024-06-02,2024-06-30,28,2022-08-22,2024-06-02,651,0.8669137253751495,,0.995006799697876,0.5738034248352051,0.995006799697876,1.7832283973693848,False,True,historical_seasonal_harmonic_analog_residual,False,False,foundation_model_runtime,la_poza,la_poza
foundation_20260531T200051Z,la_poza,La Poza,TimesFM,timesfm,google/timesfm-2.0-500m-pytorch,1.3.0,2024-06-16,2024-06-17,1,2022-08-22,2024-06-16,665,0.9023188281553508,,0.9880173206329346,0.8862495422363281,0.9880173206329346,1.0690374374389648,False,True,historical_seasonal_harmonic_analog_residual,False,False,foundation_model_runtime,la_poza,la_poza
foundation_20260531T200051Z,la_poza,La Poza,TimesFM,timesfm,google/timesfm-2.0-500m-pytorch,1.3.0,2024-06-16,2024-06-23,7,2022-08-22,2024-06-16,665,0.8498762765185655,,1.0821740627288818,0.8091742992401123,1.0821740627288818,1.4983510971069336,False,True,historical_seasonal_harmonic_analog_residual,False,False,foundation_model_runtime,la_poza,la_poza
foundation_20260531T200051Z,la_poza,La Poza,TimesFM,timesfm,google/timesfm-2.0-500m-pytorch,1.3.0,2024-06-16,2024-06-30,14,2022-08-22,2024-06-16,665,0.8669137253751495,,1.1130850315093994,0.7539253234863281,1.1130850315093994,1.8824758529663088,False,True,historical_seasonal_harmonic_analog_residual,False,False,foundation_model_runtime,la_poza,la_poza
foundation_20260531T200051Z,la_poza,La Poza,TimesFM,timesfm,google/timesfm-2.0-500m-pytorch,1.3.0,2024-06-16,2024-07-14,28,2022-08-22,2024-06-16,665,1.0213374230810437,,1.135143518447876,0.5882067680358887,1.135143518447876,2.3637120723724365,False,True,historical_seasonal_harmonic_analog_residual,False,False,foundation_model_runtime,la_poza,la_poza
foundation_20260531T200051Z,la_poza,La Poza,TimesFM,timesfm,google/timesfm-2.0-500m-pytorch,1.3.0,2024-06-30,2024-07-01,1,2022-08-22,2024-06-30,679,0.903173294797992,,0.9119479656219482,0.8234634399414062,0.9119479656219482,1.0470898151397705,False,True,historical_seasonal_harmonic_analog_residual,False,False,foundation_model_runtime,la_poza,la_poza
foundation_20260531T200051Z,la_poza,La Poza,TimesFM,timesfm,google/timesfm-2.0-500m-pytorch,1.3.0,2024-06-30,2024-07-07,7,2022-08-22,2024-06-30,679,1.0384524427805084,,0.9121029376983644,0.7107536792755127,0.9121029376983644,1.3181629180908203,False,True,historical_seasonal_harmonic_analog_residual,False,False,foundation_model_runtime,la_poza,la_poza
foundation_20260531T200051Z,la_poza,La Poza,TimesFM,timesfm,google/timesfm-2.0-500m-pytorch,1.3.0,2024-06-30,2024-07-14,14,2022-08-22,2024-06-30,679,1.0213374230810437,,0.9807801246643066,0.6900570392608643,0.9807801246643066,1.6274614334106443,False,True,historical_seasonal_harmonic_analog_residual,False,False,foundation_model_runtime,la_poza,la_poza
foundation_20260531T200051Z,la_poza,La Poza,TimesFM,timesfm,google/timesfm-2.0-500m-pytorch,1.3.0,2024-06-30,2024-07-28,28,2022-08-22,2024-06-30,679,0.9321919294806824,,1.025033950805664,0.6158561706542969,1.025033950805664,2.0160396099090576,False,True,historical_seasonal_harmonic_analog_residual,False,False,foundation_model_runtime,la_poza,la_poza
foundation_20260531T200051Z,la_poza,La Poza,TimesFM,timesfm,google/timesfm-2.0-500m-pytorch,1.3.0,2024-07-14,2024-07-15,1,2022-08-22,2024-07-14,693,1.0384338578515,,1.043421745300293,0.9427762031555176,1.043421745300293,1.1786181926727295,False,True,historical_seasonal_harmonic_analog_residual,False,False,foundation_model_runtime,la_poza,la_poza
foundation_20260531T200051Z,la_poza,La Poza,TimesFM,timesfm,google/timesfm-2.0-500m-pytorch,1.3.0,2024-07-14,2024-07-21,7,2022-08-22,2024-07-14,693,0.9552857935676412,,1.0975568294525146,0.8243300914764404,1.0975568294525146,1.5152394771575928,False,True,historical_seasonal_harmonic_analog_residual,False,False,foundation_model_runtime,la_poza,la_poza
foundation_20260531T200051Z,la_poza,La Poza,TimesFM,timesfm,google/timesfm-2.0-500m-pytorch,1.3.0,2024-07-14,2024-07-28,14,2022-08-22,2024-07-14,693,0.9321919294806824,,1.1210474967956543,0.7823517322540283,1.1210474967956543,1.791727066040039,False,True,historical_seasonal_harmonic_analog_residual,False,False,foundation_model_runtime,la_poza,la_poza
foundation_20260531T200051Z,la_poza,La Poza,TimesFM,timesfm,google/timesfm-2.0-500m-pytorch,1.3.0,2024-07-14,2024-08-11,28,2022-08-22,2024-07-14,693,1.028925254409339,,1.104902744293213,0.7133080959320068,1.104902744293213,2.084862470626831,False,True,historical_seasonal_harmonic_analog_residual,False,False,foundation_model_runtime,la_poza,la_poza
foundation_20260531T200051Z,la_poza,La Poza,TimesFM,timesfm,google/timesfm-2.0-500m-pytorch,1.3.0,2024-07-28,2024-07-29,1,2022-08-22,2024-07-28,707,0.9380946030662354,,0.9785716533660888,0.8728182315826416,0.9785716533660888,1.1259331703186035,False,True,historical_seasonal_harmonic_analog_residual,False,False,foundation_model_runtime,la_poza,la_poza
foundation_20260531T200051Z,la_poza,La Poza,TimesFM,timesfm,google/timesfm-2.0-500m-pytorch,1.3.0,2024-07-28,2024-08-04,7,2022-08-22,2024-07-28,707,0.8939985214519526,,1.0107932090759275,0.7764770984649658,1.0107932090759275,1.3179495334625244,False,True,historical_seasonal_harmonic_analog_residual,False,False,foundation_model_runtime,la_poza,la_poza
foundation_20260531T200051Z,la_poza,La Poza,TimesFM,timesfm,google/timesfm-2.0-500m-pytorch,1.3.0,2024-07-28,2024-08-11,14,2022-08-22,2024-07-28,707,1.028925254409339,,0.9938576221466064,0.6986532211303711,0.9938576221466064,1.4486825466156006,False,True,historical_seasonal_harmonic_analog_residual,False,False,foundation_model_runtime,la_poza,la_poza
foundation_20260531T200051Z,la_poza,La Poza,TimesFM,timesfm,google/timesfm-2.0-500m-pytorch,1.3.0,2024-07-28,2024-08-25,28,2022-08-22,2024-07-28,707,0.9787517836183504,,0.9463491439819336,0.5636885166168213,0.9463491439819336,1.612691879272461,False,True,historical_seasonal_harmonic_analog_residual,False,False,foundation_model_runtime,la_poza,la_poza
foundation_20260531T200051Z,la_poza,La Poza,TimesFM,timesfm,google/timesfm-2.0-500m-pytorch,1.3.0,2024-08-11,2024-08-12,1,2022-08-22,2024-08-11,721,0.956632932562277,,1.101160764694214,0.962235689163208,1.101160764694214,1.212547779083252,False,True,historical_seasonal_harmonic_analog_residual,False,False,foundation_model_runtime,la_poza,la_poza
foundation_20260531T200051Z,la_poza,La Poza,TimesFM,timesfm,google/timesfm-2.0-500m-pytorch,1.3.0,2024-08-11,2024-08-18,7,2022-08-22,2024-08-11,721,1.036725022674532,,1.0982162952423096,0.8514635562896729,1.0982162952423096,1.419067621231079,False,True,historical_seasonal_harmonic_analog_residual,False,False,foundation_model_runtime,la_poza,la_poza
foundation_20260531T200051Z,la_poza,La Poza,TimesFM,timesfm,google/timesfm-2.0-500m-pytorch,1.3.0,2024-08-11,2024-08-25,14,2022-08-22,2024-08-11,721,0.9787517836183504,,1.089104175567627,0.7886793613433838,1.089104175567627,1.6072282791137695,False,True,historical_seasonal_harmonic_analog_residual,False,False,foundation_model_runtime,la_poza,la_poza
foundation_20260531T200051Z,la_poza,La Poza,TimesFM,timesfm,google/timesfm-2.0-500m-pytorch,1.3.0,2024-08-11,2024-09-08,28,2022-08-22,2024-08-11,721,1.3917638384160294,,1.0677454471588137,0.6749064922332764,1.0677454471588137,1.860266923904419,False,True,historical_seasonal_harmonic_analog_residual,False,False,foundation_model_runtime,la_poza,la_poza
foundation_20260531T200051Z,la_poza,La Poza,TimesFM,timesfm,google/timesfm-2.0-500m-pytorch,1.3.0,2024-08-25,2024-08-26,1,2022-08-22,2024-08-25,735,1.0534119708288912,,1.078351974487305,0.9025745391845704,1.078351974487305,1.226625919342041,False,True,historical_seasonal_harmonic_analog_residual,False,False,foundation_model_runtime,la_poza,la_poza
foundation_20260531T200051Z,la_poza,La Poza,TimesFM,timesfm,google/timesfm-2.0-500m-pytorch,1.3.0,2024-08-25,2024-09-01,7,2022-08-22,2024-08-25,735,1.223079660842462,,1.0912163257598877,0.8044438362121582,1.0912163257598877,1.4402227401733398,False,True,historical_seasonal_harmonic_analog_residual,False,False,foundation_model_runtime,la_poza,la_poza
foundation_20260531T200051Z,la_poza,La Poza,TimesFM,timesfm,google/timesfm-2.0-500m-pytorch,1.3.0,2024-08-25,2024-09-08,14,2022-08-22,2024-08-25,735,1.3917638384160294,,1.0558063983917236,0.688021183013916,1.0558063983917236,1.5663621425628662,False,True,historical_seasonal_harmonic_analog_residual,False,False,foundation_model_runtime,la_poza,la_poza
foundation_20260531T200051Z,la_poza,La Poza,TimesFM,timesfm,google/timesfm-2.0-500m-pytorch,1.3.0,2024-08-25,2024-09-22,28,2022-08-22,2024-08-25,735,1.201235525550675,,0.9198541641235352,0.4835853576660156,0.9198541641235352,1.6268088817596436,False,True,historical_seasonal_harmonic_analog_residual,False,False,foundation_model_runtime,la_poza,la_poza
foundation_20260531T200051Z,la_poza,La Poza,TimesFM,timesfm,google/timesfm-2.0-500m-pytorch,1.3.0,2024-09-08,2024-09-09,1,2022-08-22,2024-09-08,749,1.3657638192602544,,1.4743597507476809,1.2885792255401611,1.4743597507476809,1.6309387683868408,False,True,historical_seasonal_harmonic_analog_residual,False,False,foundation_model_runtime,la_poza,la_poza
foundation_20260531T200051Z,la_poza,La Poza,TimesFM,timesfm,google/timesfm-2.0-500m-pytorch,1.3.0,2024-09-08,2024-09-15,7,2022-08-22,2024-09-08,749,1.3798248313140729,,1.358123540878296,0.8943490982055664,1.358123540878296,1.8163399696350095,False,True,historical_seasonal_harmonic_analog_residual,False,False,foundation_model_runtime,la_poza,la_poza
foundation_20260531T200051Z,la_poza,La Poza,TimesFM,timesfm,google/timesfm-2.0-500m-pytorch,1.3.0,2024-09-08,2024-09-22,14,2022-08-22,2024-09-08,749,1.201235525550675,,1.2874295711517334,0.7717578411102295,1.2874295711517334,1.9327516555786133,False,True,historical_seasonal_harmonic_analog_residual,False,False,foundation_model_runtime,la_poza,la_poza
foundation_20260531T200051Z,la_poza,La Poza,TimesFM,timesfm,google/timesfm-2.0-500m-pytorch,1.3.0,2024-09-08,2024-10-06,28,2022-08-22,2024-09-08,749,1.6446427163369362,,1.2153925895690918,0.6206481456756592,1.2153925895690918,2.03482437133789,False,True,historical_seasonal_harmonic_analog_residual,False,False,foundation_model_runtime,la_poza,la_poza
foundation_20260531T200051Z,la_poza,La Poza,TimesFM,timesfm,google/timesfm-2.0-500m-pytorch,1.3.0,2024-09-22,2024-09-23,1,2022-08-22,2024-09-22,763,1.161842466458077,,1.1668813228607178,1.0446443557739258,1.1668813228607178,1.3158037662506104,False,True,historical_seasonal_harmonic_analog_residual,False,False,foundation_model_runtime,la_poza,la_poza
foundation_20260531T200051Z,la_poza,La Poza,TimesFM,timesfm,google/timesfm-2.0-500m-pytorch,1.3.0,2024-09-22,2024-09-29,7,2022-08-22,2024-09-22,763,1.376430896595819,,1.1173663139343262,0.8406169414520264,1.1173663139343262,1.409658670425415,False,True,historical_seasonal_harmonic_analog_residual,False,False,foundation_model_runtime,la_poza,la_poza
foundation_20260531T200051Z,la_poza,La Poza,TimesFM,timesfm,google/timesfm-2.0-500m-pytorch,1.3.0,2024-09-22,2024-10-06,14,2022-08-22,2024-09-22,763,1.6446427163369362,,1.1213552951812744,0.7450790405273438,1.1213552951812744,1.5693809986114502,False,True,historical_seasonal_harmonic_analog_residual,False,False,foundation_model_runtime,la_poza,la_poza
foundation_20260531T200051Z,la_poza,La Poza,TimesFM,timesfm,google/timesfm-2.0-500m-pytorch,1.3.0,2024-09-22,2024-10-20,28,2022-08-22,2024-09-22,763,1.8061136822118211,,1.161818027496338,0.6528670787811279,1.161818027496338,1.7962498664855957,False,True,historical_seasonal_harmonic_analog_residual,False,False,foundation_model_runtime,la_poza,la_poza
foundation_20260531T200051Z,la_poza,La Poza,TimesFM,timesfm,google/timesfm-2.0-500m-pytorch,1.3.0,2024-10-06,2024-10-07,1,2022-08-22,2024-10-06,777,1.7605558579429248,,1.7378461360931396,1.5754647254943848,1.7378461360931396,1.902656316757202,False,True,historical_seasonal_harmonic_analog_residual,False,False,foundation_model_runtime,la_poza,la_poza
foundation_20260531T200051Z,la_poza,La Poza,TimesFM,timesfm,google/timesfm-2.0-500m-pytorch,1.3.0,2024-10-06,2024-10-13,7,2022-08-22,2024-10-06,777,1.8628488893058353,,1.5779085159301758,1.1781141757965088,1.5779085159301758,1.928079605102539,False,True,historical_seasonal_harmonic_analog_residual,False,False,foundation_model_runtime,la_poza,la_poza
foundation_20260531T200051Z,la_poza,La Poza,TimesFM,timesfm,google/timesfm-2.0-500m-pytorch,1.3.0,2024-10-06,2024-10-20,14,2022-08-22,2024-10-06,777,1.8061136822118211,,1.5362014770507812,1.0400002002716064,1.5362014770507812,2.034132480621338,False,True,historical_seasonal_harmonic_analog_residual,False,False,foundation_model_runtime,la_poza,la_poza
foundation_20260531T200051Z,la_poza,La Poza,TimesFM,timesfm,google/timesfm-2.0-500m-pytorch,1.3.0,2024-10-06,2024-11-03,28,2022-08-22,2024-10-06,777,1.7438644129831542,,1.4607605934143066,0.8240928649902344,1.4607605934143066,2.1907668113708496,False,True,historical_seasonal_harmonic_analog_residual,False,False,foundation_model_runtime,la_poza,la_poza
foundation_20260531T200051Z,la_poza,La Poza,TimesFM,timesfm,google/timesfm-2.0-500m-pytorch,1.3.0,2024-10-20,2024-10-21,1,2022-08-22,2024-10-20,791,1.7939856283632754,,1.758713722229004,1.5671441555023191,1.758713722229004,2.054157257080078,False,True,historical_seasonal_harmonic_analog_residual,False,False,foundation_model_runtime,la_poza,la_poza
foundation_20260531T200051Z,la_poza,La Poza,TimesFM,timesfm,google/timesfm-2.0-500m-pytorch,1.3.0,2024-10-20,2024-10-27,7,2022-08-22,2024-10-20,791,1.7923348038788725,,1.6929652690887451,1.2865891456604004,1.6929652690887451,2.0919830799102783,False,True,historical_seasonal_harmonic_analog_residual,False,False,foundation_model_runtime,la_poza,la_poza
foundation_20260531T200051Z,la_poza,La Poza,TimesFM,timesfm,google/timesfm-2.0-500m-pytorch,1.3.0,2024-10-20,2024-11-03,14,2022-08-22,2024-10-20,791,1.7438644129831542,,1.633335828781128,1.1055152416229248,1.633335828781128,2.221682071685791,False,True,historical_seasonal_harmonic_analog_residual,False,False,foundation_model_runtime,la_poza,la_poza
foundation_20260531T200051Z,la_poza,La Poza,TimesFM,timesfm,google/timesfm-2.0-500m-pytorch,1.3.0,2024-10-20,2024-11-17,28,2022-08-22,2024-10-20,791,1.5258714502319348,,1.5006625652313232,0.7382063865661621,1.5006625652313232,2.27120041847229,False,True,historical_seasonal_harmonic_analog_residual,False,False,foundation_model_runtime,la_poza,la_poza
foundation_20260531T200051Z,la_poza,La Poza,TimesFM,timesfm,google/timesfm-2.0-500m-pytorch,1.3.0,2024-11-03,2024-11-04,1,2022-08-22,2024-11-03,805,1.7360720723730054,,1.661492109298706,1.5520563125610352,1.661492109298706,1.872018814086914,False,True,historical_seasonal_harmonic_analog_residual,False,False,foundation_model_runtime,la_poza,la_poza
foundation_20260531T200051Z,la_poza,La Poza,TimesFM,timesfm,google/timesfm-2.0-500m-pytorch,1.3.0,2024-11-03,2024-11-10,7,2022-08-22,2024-11-03,805,1.738545867549986,,1.696897268295288,1.4845056533813477,1.696897268295288,1.952516794204712,False,True,historical_seasonal_harmonic_analog_residual,False,False,foundation_model_runtime,la_poza,la_poza
foundation_20260531T200051Z,la_poza,La Poza,TimesFM,timesfm,google/timesfm-2.0-500m-pytorch,1.3.0,2024-11-03,2024-11-17,14,2022-08-22,2024-11-03,805,1.5258714502319348,,1.661703109741211,1.3784103393554688,1.661703109741211,2.0528340339660645,False,True,historical_seasonal_harmonic_analog_residual,False,False,foundation_model_runtime,la_poza,la_poza
foundation_20260531T200051Z,la_poza,La Poza,TimesFM,timesfm,google/timesfm-2.0-500m-pytorch,1.3.0,2024-11-03,2024-12-01,28,2022-08-22,2024-11-03,805,1.088723692715156,,1.6690220832824707,1.2775866985321045,1.6690220832824707,2.1966066360473633,False,True,historical_seasonal_harmonic_analog_residual,False,False,foundation_model_runtime,la_poza,la_poza
foundation_20260531T200051Z,la_poza,La Poza,TimesFM,timesfm,google/timesfm-2.0-500m-pytorch,1.3.0,2024-11-17,2024-11-18,1,2022-08-22,2024-11-17,819,1.402421176466638,,1.5729892253875732,1.4548275470733645,1.5729892253875732,1.711566925048828,False,True,historical_seasonal_harmonic_analog_residual,False,False,foundation_model_runtime,la_poza,la_poza
foundation_20260531T200051Z,la_poza,La Poza,TimesFM,timesfm,google/timesfm-2.0-500m-pytorch,1.3.0,2024-11-17,2024-11-24,7,2022-08-22,2024-11-17,819,1.140468177393455,,1.5542292594909668,1.1582362651824951,1.5542292594909668,1.8636462688446045,False,True,historical_seasonal_harmonic_analog_residual,False,False,foundation_model_runtime,la_poza,la_poza
foundation_20260531T200051Z,la_poza,La Poza,TimesFM,timesfm,google/timesfm-2.0-500m-pytorch,1.3.0,2024-11-17,2024-12-01,14,2022-08-22,2024-11-17,819,1.088723692715156,,1.5347726345062256,0.975593328475952,1.5347726345062256,2.02357816696167,False,True,historical_seasonal_harmonic_analog_residual,False,False,foundation_model_runtime,la_poza,la_poza
foundation_20260531T200051Z,la_poza,La Poza,TimesFM,timesfm,google/timesfm-2.0-500m-pytorch,1.3.0,2024-11-17,2024-12-15,28,2022-08-22,2024-11-17,819,0.9344397536105096,,1.4508862495422363,0.6528537273406982,1.4508862495422363,2.2230265140533447,False,True,historical_seasonal_harmonic_analog_residual,False,False,foundation_model_runtime,la_poza,la_poza
foundation_20260531T200051Z,la_poza,La Poza,TimesFM,timesfm,google/timesfm-2.0-500m-pytorch,1.3.0,2024-12-01,2024-12-02,1,2022-08-22,2024-12-01,833,1.0649157939821698,,1.0214617252349854,0.9021205902099608,1.0214617252349854,1.1569361686706543,False,True,historical_seasonal_harmonic_analog_residual,False,False,foundation_model_runtime,la_poza,la_poza
foundation_20260531T200051Z,la_poza,La Poza,TimesFM,timesfm,google/timesfm-2.0-500m-pytorch,1.3.0,2024-12-01,2024-12-08,7,2022-08-22,2024-12-01,833,1.0161535970880582,,0.980504035949707,0.6323788166046143,0.980504035949707,1.3495807647705078,False,True,historical_seasonal_harmonic_analog_residual,False,False,foundation_model_runtime,la_poza,la_poza
foundation_20260531T200051Z,la_poza,La Poza,TimesFM,timesfm,google/timesfm-2.0-500m-pytorch,1.3.0,2024-12-01,2024-12-15,14,2022-08-22,2024-12-01,833,0.9344397536105096,,0.9208691120147704,0.4430935382843017,0.9208691120147704,1.4797170162200928,False,True,historical_seasonal_harmonic_analog_residual,False,False,foundation_model_runtime,la_poza,la_poza
foundation_20260531T200051Z,la_poza,La Poza,TimesFM,timesfm,google/timesfm-2.0-500m-pytorch,1.3.0,2024-12-01,2024-12-29,28,2022-08-22,2024-12-01,833,0.333,0.333,0.9263100624084472,0.3154573440551758,0.9263100624084472,1.7390522956848145,True,False,observed,False,False,foundation_model_runtime,la_poza,la_poza
foundation_20260531T200120Z,la_poza,La Poza,Chronos Large,chronos,amazon/chronos-t5-large,2.2.2,2023-12-31,2024-01-01,1,2022-08-22,2023-12-31,497,1.8794465184485616,,0.9722250699996948,0.6557590365409851,1.0375933647155762,1.0375933647155762,False,True,historical_seasonal_harmonic_analog_residual,False,False,foundation_model_runtime,la_poza,la_poza
foundation_20260531T200120Z,la_poza,La Poza,Chronos Large,chronos,amazon/chronos-t5-large,2.2.2,2023-12-31,2024-01-07,7,2022-08-22,2023-12-31,497,1.787392362576436,,1.0438190698623655,1.0085407495498655,1.0375933647155762,1.0396685600280762,False,True,historical_seasonal_harmonic_analog_residual,False,False,foundation_model_runtime,la_poza,la_poza
foundation_20260531T200120Z,la_poza,La Poza,Chronos Large,chronos,amazon/chronos-t5-large,2.2.2,2023-12-31,2024-01-14,14,2022-08-22,2023-12-31,497,1.6397477979400483,,1.0168415307998655,1.0126911401748655,1.0375933647155762,1.0583451986312866,False,True,historical_seasonal_harmonic_analog_residual,False,False,foundation_model_runtime,la_poza,la_poza
foundation_20260531T200120Z,la_poza,La Poza,Chronos Large,chronos,amazon/chronos-t5-large,2.2.2,2023-12-31,2024-01-28,28,2022-08-22,2023-12-31,497,2.6953384284643818,,1.0199543237686155,0.9877889156341552,1.0375933647155762,1.0583451986312866,False,True,historical_seasonal_harmonic_analog_residual,False,False,foundation_model_runtime,la_poza,la_poza
foundation_20260531T200120Z,la_poza,La Poza,Chronos Large,chronos,amazon/chronos-t5-large,2.2.2,2024-01-14,2024-01-15,1,2022-08-22,2024-01-14,511,1.616159472104104,,1.6041511297225952,1.548694133758545,1.6431769132614136,1.6637165546417236,False,True,historical_seasonal_harmonic_analog_residual,False,False,foundation_model_runtime,la_poza,la_poza
foundation_20260531T200120Z,la_poza,La Poza,Chronos Large,chronos,amazon/chronos-t5-large,2.2.2,2024-01-14,2024-01-21,7,2022-08-22,2024-01-14,511,1.982353759297454,,1.4881019592285156,1.1399539709091189,1.561017990112305,1.7109578847885132,False,True,historical_seasonal_harmonic_analog_residual,False,False,foundation_model_runtime,la_poza,la_poza
foundation_20260531T200120Z,la_poza,La Poza,Chronos Large,chronos,amazon/chronos-t5-large,2.2.2,2024-01-14,2024-01-28,14,2022-08-22,2024-01-14,511,2.6953384284643818,,1.5610181093215942,0.9817981719970704,1.6739864349365234,1.8711676597595217,False,True,historical_seasonal_harmonic_analog_residual,False,False,foundation_model_runtime,la_poza,la_poza
foundation_20260531T200120Z,la_poza,La Poza,Chronos Large,chronos,amazon/chronos-t5-large,2.2.2,2024-01-14,2024-02-11,28,2022-08-22,2024-01-14,511,3.858,3.858,1.5805307626724243,1.2631921768188477,1.5918275117874146,1.893761396408081,True,False,observed,False,False,foundation_model_runtime,la_poza,la_poza
foundation_20260531T200120Z,la_poza,La Poza,Chronos Large,chronos,amazon/chronos-t5-large,2.2.2,2024-01-28,2024-01-29,1,2022-08-22,2024-01-28,525,2.794337682531354,,2.7746338844299316,2.740354537963867,2.7826998233795166,2.8048808574676514,False,True,historical_seasonal_harmonic_analog_residual,False,False,foundation_model_runtime,la_poza,la_poza
foundation_20260531T200120Z,la_poza,La Poza,Chronos Large,chronos,amazon/chronos-t5-large,2.2.2,2024-01-28,2024-02-04,7,2022-08-22,2024-01-28,525,3.4180108642524667,,3.14061975479126,2.8512589931488037,3.1355786323547363,3.3634374141693115,False,True,historical_seasonal_harmonic_analog_residual,False,False,foundation_model_runtime,la_poza,la_poza
foundation_20260531T200120Z,la_poza,La Poza,Chronos Large,chronos,amazon/chronos-t5-large,2.2.2,2024-01-28,2024-02-11,14,2022-08-22,2024-01-28,525,3.858,3.858,3.455185651779175,3.0307233333587646,3.4481282234191895,3.873599052429199,True,False,observed,False,False,foundation_model_runtime,la_poza,la_poza
foundation_20260531T200120Z,la_poza,La Poza,Chronos Large,chronos,amazon/chronos-t5-large,2.2.2,2024-01-28,2024-02-25,28,2022-08-22,2024-01-28,525,1.448,1.448,3.759669542312622,2.8694071769714355,3.851418018341065,4.31721830368042,True,False,observed,False,False,foundation_model_runtime,la_poza,la_poza
foundation_20260531T200120Z,la_poza,La Poza,Chronos Large,chronos,amazon/chronos-t5-large,2.2.2,2024-02-11,2024-02-12,1,2022-08-22,2024-02-11,539,3.533,3.533,3.948549747467041,3.534492254257202,3.880540370941162,4.360607147216797,True,False,observed,False,False,foundation_model_runtime,la_poza,la_poza
foundation_20260531T200120Z,la_poza,La Poza,Chronos Large,chronos,amazon/chronos-t5-large,2.2.2,2024-02-11,2024-02-18,7,2022-08-22,2024-02-11,539,2.796,2.796,3.920546054840088,3.4064745903015137,3.8005292415618896,4.400612831115723,True,False,observed,False,False,foundation_model_runtime,la_poza,la_poza
foundation_20260531T200120Z,la_poza,La Poza,Chronos Large,chronos,amazon/chronos-t5-large,2.2.2,2024-02-11,2024-02-25,14,2022-08-22,2024-02-11,539,1.448,1.448,4.261593818664551,3.508488655090332,3.990555763244629,4.986694812774658,True,False,observed,False,False,foundation_model_runtime,la_poza,la_poza
foundation_20260531T200120Z,la_poza,La Poza,Chronos Large,chronos,amazon/chronos-t5-large,2.2.2,2024-02-11,2024-03-10,28,2022-08-22,2024-02-11,539,0.356,0.356,4.24259090423584,2.8503971099853516,4.0005574226379395,5.276734828948975,True,False,observed,False,False,foundation_model_runtime,la_poza,la_poza
foundation_20260531T200120Z,la_poza,La Poza,Chronos Large,chronos,amazon/chronos-t5-large,2.2.2,2024-02-25,2024-02-26,1,2022-08-22,2024-02-25,553,1.504,1.504,1.2380281686782837,1.0811783075332642,1.2035014629364014,1.383040189743042,True,False,observed,False,False,foundation_model_runtime,la_poza,la_poza
foundation_20260531T200120Z,la_poza,La Poza,Chronos Large,chronos,amazon/chronos-t5-large,2.2.2,2024-02-25,2024-03-03,7,2022-08-22,2024-02-25,553,1.021,1.021,1.3366758823394775,0.6984254717826843,1.2035014629364014,2.004520893096924,True,False,observed,False,False,foundation_model_runtime,la_poza,la_poza
foundation_20260531T200120Z,la_poza,La Poza,Chronos Large,chronos,amazon/chronos-t5-large,2.2.2,2024-02-25,2024-03-10,14,2022-08-22,2024-02-25,553,0.356,0.356,1.5823085308074951,0.7615600228309631,1.3317434787750244,2.3517606258392334,True,False,observed,False,False,foundation_model_runtime,la_poza,la_poza
foundation_20260531T200120Z,la_poza,La Poza,Chronos Large,chronos,amazon/chronos-t5-large,2.2.2,2024-02-25,2024-03-24,28,2022-08-22,2024-02-25,553,0.442,0.442,1.895021677017212,0.710263192653656,1.4106615781784058,4.306957244873047,True,False,observed,False,False,foundation_model_runtime,la_poza,la_poza
foundation_20260531T200120Z,la_poza,La Poza,Chronos Large,chronos,amazon/chronos-t5-large,2.2.2,2024-03-10,2024-03-11,1,2022-08-22,2024-03-10,567,0.363,0.363,0.4108065962791443,0.3431331515312195,0.3717275857925415,0.4765738248825073,True,False,observed,False,False,foundation_model_runtime,la_poza,la_poza
foundation_20260531T200120Z,la_poza,La Poza,Chronos Large,chronos,amazon/chronos-t5-large,2.2.2,2024-03-10,2024-03-17,7,2022-08-22,2024-03-10,567,0.54,0.54,0.7529866099357605,0.310726135969162,0.6481404304504395,1.3210629224777222,True,False,observed,False,False,foundation_model_runtime,la_poza,la_poza
foundation_20260531T200120Z,la_poza,La Poza,Chronos Large,chronos,amazon/chronos-t5-large,2.2.2,2024-03-10,2024-03-24,14,2022-08-22,2024-03-10,567,0.442,0.442,1.2343261241912842,0.3450394570827484,1.0198678970336914,2.1274256706237793,True,False,observed,False,False,foundation_model_runtime,la_poza,la_poza
foundation_20260531T200120Z,la_poza,La Poza,Chronos Large,chronos,amazon/chronos-t5-large,2.2.2,2024-03-10,2024-04-07,28,2022-08-22,2024-03-10,567,0.975,0.975,1.35537588596344,0.4937304556369781,1.153308629989624,2.4667463302612305,True,False,observed,False,False,foundation_model_runtime,la_poza,la_poza
foundation_20260531T200120Z,la_poza,La Poza,Chronos Large,chronos,amazon/chronos-t5-large,2.2.2,2024-03-24,2024-03-25,1,2022-08-22,2024-03-24,581,0.546,0.546,0.4392875730991363,0.3627312183380127,0.4283509254455566,0.5486537218093872,True,False,observed,False,False,foundation_model_runtime,la_poza,la_poza
foundation_20260531T200120Z,la_poza,La Poza,Chronos Large,chronos,amazon/chronos-t5-large,2.2.2,2024-03-24,2024-03-31,7,2022-08-22,2024-03-24,581,0.696,0.696,0.5586789846420288,0.324453055858612,0.546830952167511,0.7054120302200317,True,False,observed,False,False,foundation_model_runtime,la_poza,la_poza
foundation_20260531T200120Z,la_poza,La Poza,Chronos Large,chronos,amazon/chronos-t5-large,2.2.2,2024-03-24,2024-04-07,14,2022-08-22,2024-03-24,581,0.975,0.975,0.6489061117172241,0.3809589445590973,0.565058708190918,0.9551316499710084,True,False,observed,False,False,foundation_model_runtime,la_poza,la_poza
foundation_20260531T200120Z,la_poza,La Poza,Chronos Large,chronos,amazon/chronos-t5-large,2.2.2,2024-03-24,2024-04-21,28,2022-08-22,2024-03-24,581,1.569,1.569,0.6780704259872437,0.2551878094673157,0.5377171039581299,1.2340153455734253,True,False,observed,False,False,foundation_model_runtime,la_poza,la_poza
foundation_20260531T200120Z,la_poza,La Poza,Chronos Large,chronos,amazon/chronos-t5-large,2.2.2,2024-04-07,2024-04-08,1,2022-08-22,2024-04-07,595,0.84,0.84,1.0230528116226196,0.8598557710647583,1.0265624523162842,1.231874942779541,True,False,observed,False,False,foundation_model_runtime,la_poza,la_poza
foundation_20260531T200120Z,la_poza,La Poza,Chronos Large,chronos,amazon/chronos-t5-large,2.2.2,2024-04-07,2024-04-14,7,2022-08-22,2024-04-07,595,0.356,0.356,0.9484736323356628,0.6334855556488037,0.7984374761581421,1.5635335445404053,True,False,observed,False,False,foundation_model_runtime,la_poza,la_poza
foundation_20260531T200120Z,la_poza,La Poza,Chronos Large,chronos,amazon/chronos-t5-large,2.2.2,2024-04-07,2024-04-21,14,2022-08-22,2024-04-07,595,1.569,1.569,1.0107691287994385,0.4895913302898407,0.9651442170143129,1.7249760627746582,True,False,observed,False,False,foundation_model_runtime,la_poza,la_poza
foundation_20260531T200120Z,la_poza,La Poza,Chronos Large,chronos,amazon/chronos-t5-large,2.2.2,2024-04-07,2024-05-05,28,2022-08-22,2024-04-07,595,0.731,0.731,1.071310043334961,0.4790625274181366,1.0002403259277344,1.6056489944458008,True,False,observed,False,False,foundation_model_runtime,la_poza,la_poza
foundation_20260531T200120Z,la_poza,La Poza,Chronos Large,chronos,amazon/chronos-t5-large,2.2.2,2024-04-21,2024-04-22,1,2022-08-22,2024-04-21,609,1.508,1.508,1.666795015335083,1.532155990600586,1.66168212890625,1.7929123640060425,True,False,observed,False,False,foundation_model_runtime,la_poza,la_poza
foundation_20260531T200120Z,la_poza,La Poza,Chronos Large,chronos,amazon/chronos-t5-large,2.2.2,2024-04-21,2024-04-28,7,2022-08-22,2024-04-21,609,0.698,0.698,1.6293007135391235,0.942471981048584,1.636117696762085,2.265000581741333,True,False,observed,False,False,foundation_model_runtime,la_poza,la_poza
foundation_20260531T200120Z,la_poza,La Poza,Chronos Large,chronos,amazon/chronos-t5-large,2.2.2,2024-04-21,2024-05-05,14,2022-08-22,2024-04-21,609,0.731,0.731,1.4230815172195437,0.4635666906833648,1.252652645111084,2.358736276626587,True,False,observed,False,False,foundation_model_runtime,la_poza,la_poza
foundation_20260531T200120Z,la_poza,La Poza,Chronos Large,chronos,amazon/chronos-t5-large,2.2.2,2024-04-21,2024-05-19,28,2022-08-22,2024-04-21,609,0.8421150233629702,,1.537268877029419,0.3851694166660309,1.525338888168335,3.371084451675415,False,True,historical_seasonal_harmonic_analog_residual,False,False,foundation_model_runtime,la_poza,la_poza
foundation_20260531T200120Z,la_poza,La Poza,Chronos Large,chronos,amazon/chronos-t5-large,2.2.2,2024-05-05,2024-05-06,1,2022-08-22,2024-05-05,623,0.802,0.802,0.7340806126594543,0.5290670990943909,0.6778672337532043,0.993654191493988,True,False,observed,False,False,foundation_model_runtime,la_poza,la_poza
foundation_20260531T200120Z,la_poza,La Poza,Chronos Large,chronos,amazon/chronos-t5-large,2.2.2,2024-05-05,2024-05-12,7,2022-08-22,2024-05-05,623,1.1162654759460522,,0.7745873332023621,0.2959469258785248,0.6282671689987183,1.3226677179336548,False,True,historical_seasonal_harmonic_analog_residual,False,False,foundation_model_runtime,la_poza,la_poza
foundation_20260531T200120Z,la_poza,La Poza,Chronos Large,chronos,amazon/chronos-t5-large,2.2.2,2024-05-05,2024-05-19,14,2022-08-22,2024-05-05,623,0.8421150233629702,,0.8837073445320129,0.2645335793495178,0.7770673036575317,1.6037346124649048,False,True,historical_seasonal_harmonic_analog_residual,False,False,foundation_model_runtime,la_poza,la_poza
foundation_20260531T200120Z,la_poza,La Poza,Chronos Large,chronos,amazon/chronos-t5-large,2.2.2,2024-05-05,2024-06-02,28,2022-08-22,2024-05-05,623,0.9414417557499888,,0.8795740008354187,0.2000535130500793,0.8349339962005615,1.4169080257415771,False,True,historical_seasonal_harmonic_analog_residual,False,False,foundation_model_runtime,la_poza,la_poza
foundation_20260531T200120Z,la_poza,La Poza,Chronos Large,chronos,amazon/chronos-t5-large,2.2.2,2024-05-19,2024-05-20,1,2022-08-22,2024-05-19,637,0.8343801585533606,,0.8055987358093262,0.7633666396141052,0.8048019409179688,0.8446436524391174,False,True,historical_seasonal_harmonic_analog_residual,False,False,foundation_model_runtime,la_poza,la_poza
foundation_20260531T200120Z,la_poza,La Poza,Chronos Large,chronos,amazon/chronos-t5-large,2.2.2,2024-05-19,2024-05-26,7,2022-08-22,2024-05-19,637,0.7909136694601437,,0.7641633749008179,0.3808864653110504,0.7251186370849609,1.2127808332443235,False,True,historical_seasonal_harmonic_analog_residual,False,False,foundation_model_runtime,la_poza,la_poza
foundation_20260531T200120Z,la_poza,La Poza,Chronos Large,chronos,amazon/chronos-t5-large,2.2.2,2024-05-19,2024-06-02,14,2022-08-22,2024-05-19,637,0.9414417557499888,,0.7976305484771729,0.358575165271759,0.7808969616889954,1.262184500694275,False,True,historical_seasonal_harmonic_analog_residual,False,False,foundation_model_runtime,la_poza,la_poza
foundation_20260531T200120Z,la_poza,La Poza,Chronos Large,chronos,amazon/chronos-t5-large,2.2.2,2024-05-19,2024-06-16,28,2022-08-22,2024-05-19,637,0.9510952870239848,,0.9458414912223816,0.2119577676057815,0.7410552501678467,1.780126452445984,False,True,historical_seasonal_harmonic_analog_residual,False,False,foundation_model_runtime,la_poza,la_poza
foundation_20260531T200120Z,la_poza,La Poza,Chronos Large,chronos,amazon/chronos-t5-large,2.2.2,2024-06-02,2024-06-03,1,2022-08-22,2024-06-02,651,0.9721989655177592,,0.9871709942817688,0.9642135500907898,0.979518473148346,0.9978845119476318,False,True,historical_seasonal_harmonic_analog_residual,False,False,foundation_model_runtime,la_poza,la_poza
foundation_20260531T200120Z,la_poza,La Poza,Chronos Large,chronos,amazon/chronos-t5-large,2.2.2,2024-06-02,2024-06-09,7,2022-08-22,2024-06-02,651,0.9337816135370316,,1.1532299518585205,0.8402432203292847,1.1249158382415771,1.4861133098602295,False,True,historical_seasonal_harmonic_analog_residual,False,False,foundation_model_runtime,la_poza,la_poza
foundation_20260531T200120Z,la_poza,La Poza,Chronos Large,chronos,amazon/chronos-t5-large,2.2.2,2024-06-02,2024-06-16,14,2022-08-22,2024-06-02,651,0.9510952870239848,,1.1876661777496338,0.7132118940353394,0.941256046295166,1.8962867259979248,False,True,historical_seasonal_harmonic_analog_residual,False,False,foundation_model_runtime,la_poza,la_poza
foundation_20260531T200120Z,la_poza,La Poza,Chronos Large,chronos,amazon/chronos-t5-large,2.2.2,2024-06-02,2024-06-30,28,2022-08-22,2024-06-02,651,0.8669137253751495,,1.27107834815979,0.4668017923831939,0.9489085674285888,2.3386008739471436,False,True,historical_seasonal_harmonic_analog_residual,False,False,foundation_model_runtime,la_poza,la_poza
foundation_20260531T200120Z,la_poza,La Poza,Chronos Large,chronos,amazon/chronos-t5-large,2.2.2,2024-06-16,2024-06-17,1,2022-08-22,2024-06-16,665,0.9023188281553508,,0.8866243362426758,0.8204583525657654,0.8822132349014282,0.9557310342788696,False,True,historical_seasonal_harmonic_analog_residual,False,False,foundation_model_runtime,la_poza,la_poza
foundation_20260531T200120Z,la_poza,La Poza,Chronos Large,chronos,amazon/chronos-t5-large,2.2.2,2024-06-16,2024-06-23,7,2022-08-22,2024-06-16,665,0.8498762765185655,,0.7814938426017761,0.383762776851654,0.867509663105011,1.1057074069976809,False,True,historical_seasonal_harmonic_analog_residual,False,False,foundation_model_runtime,la_poza,la_poza
foundation_20260531T200120Z,la_poza,La Poza,Chronos Large,chronos,amazon/chronos-t5-large,2.2.2,2024-06-16,2024-06-30,14,2022-08-22,2024-06-16,665,0.8669137253751495,,0.9042686223983764,0.2926007509231567,0.874861478805542,1.5262291431427002,False,True,historical_seasonal_harmonic_analog_residual,False,False,foundation_model_runtime,la_poza,la_poza
foundation_20260531T200120Z,la_poza,La Poza,Chronos Large,chronos,amazon/chronos-t5-large,2.2.2,2024-06-16,2024-07-14,28,2022-08-22,2024-06-16,665,1.0213374230810437,,0.8726558685302734,0.3367114067077636,0.8013436794281006,1.4630037546157837,False,True,historical_seasonal_harmonic_analog_residual,False,False,foundation_model_runtime,la_poza,la_poza
foundation_20260531T200120Z,la_poza,La Poza,Chronos Large,chronos,amazon/chronos-t5-large,2.2.2,2024-06-30,2024-07-01,1,2022-08-22,2024-06-30,679,0.903173294797992,,0.9002407193183899,0.8558973670005798,0.886867344379425,0.9037600755691528,False,True,historical_seasonal_harmonic_analog_residual,False,False,foundation_model_runtime,la_poza,la_poza
foundation_20260531T200120Z,la_poza,La Poza,Chronos Large,chronos,amazon/chronos-t5-large,2.2.2,2024-06-30,2024-07-07,7,2022-08-22,2024-06-30,679,1.0384524427805084,,0.9248758554458618,0.7137170433998108,0.9079832434654236,1.117734432220459,False,True,historical_seasonal_harmonic_analog_residual,False,False,foundation_model_runtime,la_poza,la_poza
foundation_20260531T200120Z,la_poza,La Poza,Chronos Large,chronos,amazon/chronos-t5-large,2.2.2,2024-06-30,2024-07-14,14,2022-08-22,2024-06-30,679,1.0213374230810437,,0.9269875288009644,0.4772191047668457,0.809442400932312,1.41898775100708,False,True,historical_seasonal_harmonic_analog_residual,False,False,foundation_model_runtime,la_poza,la_poza
foundation_20260531T200120Z,la_poza,La Poza,Chronos Large,chronos,amazon/chronos-t5-large,2.2.2,2024-06-30,2024-07-28,28,2022-08-22,2024-06-30,679,0.9321919294806824,,0.9903352856636048,0.402609646320343,0.8305583000183105,1.500635862350464,False,True,historical_seasonal_harmonic_analog_residual,False,False,foundation_model_runtime,la_poza,la_poza
foundation_20260531T200120Z,la_poza,La Poza,Chronos Large,chronos,amazon/chronos-t5-large,2.2.2,2024-07-14,2024-07-15,1,2022-08-22,2024-07-14,693,1.0384338578515,,1.0209109783172607,0.9784573912620544,1.0242804288864136,1.0647125244140625,False,True,historical_seasonal_harmonic_analog_residual,False,False,foundation_model_runtime,la_poza,la_poza
foundation_20260531T200120Z,la_poza,La Poza,Chronos Large,chronos,amazon/chronos-t5-large,2.2.2,2024-07-14,2024-07-21,7,2022-08-22,2024-07-14,693,0.9552857935676412,,1.004738211631775,0.783035397529602,0.9905869960784912,1.1927475929260254,False,True,historical_seasonal_harmonic_analog_residual,False,False,foundation_model_runtime,la_poza,la_poza
foundation_20260531T200120Z,la_poza,La Poza,Chronos Large,chronos,amazon/chronos-t5-large,2.2.2,2024-07-14,2024-07-28,14,2022-08-22,2024-07-14,693,0.9321919294806824,,0.932634174823761,0.5620064735412598,0.8760293126106262,1.4191675186157229,False,True,historical_seasonal_harmonic_analog_residual,False,False,foundation_model_runtime,la_poza,la_poza
foundation_20260531T200120Z,la_poza,La Poza,Chronos Large,chronos,amazon/chronos-t5-large,2.2.2,2024-07-14,2024-08-11,28,2022-08-22,2024-07-14,693,1.028925254409339,,0.7473203539848328,0.3733232617378235,0.7816877365112305,1.0148465633392334,False,True,historical_seasonal_harmonic_analog_residual,False,False,foundation_model_runtime,la_poza,la_poza
foundation_20260531T200120Z,la_poza,La Poza,Chronos Large,chronos,amazon/chronos-t5-large,2.2.2,2024-07-28,2024-07-29,1,2022-08-22,2024-07-28,707,0.9380946030662354,,0.9285094141960144,0.8995537757873535,0.9201445579528807,0.9806295037269592,False,True,historical_seasonal_harmonic_analog_residual,False,False,foundation_model_runtime,la_poza,la_poza
foundation_20260531T200120Z,la_poza,La Poza,Chronos Large,chronos,amazon/chronos-t5-large,2.2.2,2024-07-28,2024-08-04,7,2022-08-22,2024-07-28,707,0.8939985214519526,,0.8828238248825073,0.6511791348457336,0.8879715204238892,1.0951648950576782,False,True,historical_seasonal_harmonic_analog_residual,False,False,foundation_model_runtime,la_poza,la_poza
foundation_20260531T200120Z,la_poza,La Poza,Chronos Large,chronos,amazon/chronos-t5-large,2.2.2,2024-07-28,2024-08-11,14,2022-08-22,2024-07-28,707,1.028925254409339,,0.8268430829048157,0.5649558305740356,0.8622332811355591,1.1196162700653076,False,True,historical_seasonal_harmonic_analog_residual,False,False,foundation_model_runtime,la_poza,la_poza
foundation_20260531T200120Z,la_poza,La Poza,Chronos Large,chronos,amazon/chronos-t5-large,2.2.2,2024-07-28,2024-08-25,28,2022-08-22,2024-07-28,707,0.9787517836183504,,0.927865982055664,0.5443651676177979,0.9008407592773438,1.199405312538147,False,True,historical_seasonal_harmonic_analog_residual,False,False,foundation_model_runtime,la_poza,la_poza
foundation_20260531T200120Z,la_poza,La Poza,Chronos Large,chronos,amazon/chronos-t5-large,2.2.2,2024-08-11,2024-08-12,1,2022-08-22,2024-08-11,721,0.956632932562277,,1.0314618349075315,1.005705952644348,1.0302352905273438,1.054764747619629,False,True,historical_seasonal_harmonic_analog_residual,False,False,foundation_model_runtime,la_poza,la_poza
foundation_20260531T200120Z,la_poza,La Poza,Chronos Large,chronos,amazon/chronos-t5-large,2.2.2,2024-08-11,2024-08-18,7,2022-08-22,2024-08-11,721,1.036725022674532,,0.957873523235321,0.7555059194564819,0.9995735883712769,1.1160882711410522,False,True,historical_seasonal_harmonic_analog_residual,False,False,foundation_model_runtime,la_poza,la_poza
foundation_20260531T200120Z,la_poza,La Poza,Chronos Large,chronos,amazon/chronos-t5-large,2.2.2,2024-08-11,2024-08-25,14,2022-08-22,2024-08-11,721,0.9787517836183504,,0.9272117614746094,0.6586147546768188,0.94438236951828,1.1124088764190674,False,True,historical_seasonal_harmonic_analog_residual,False,False,foundation_model_runtime,la_poza,la_poza
foundation_20260531T200120Z,la_poza,La Poza,Chronos Large,chronos,amazon/chronos-t5-large,2.2.2,2024-08-11,2024-09-08,28,2022-08-22,2024-08-11,721,1.3917638384160294,,1.0063191652297974,0.6990882754325867,0.9750441312789916,1.208073616027832,False,True,historical_seasonal_harmonic_analog_residual,False,False,foundation_model_runtime,la_poza,la_poza
foundation_20260531T200120Z,la_poza,La Poza,Chronos Large,chronos,amazon/chronos-t5-large,2.2.2,2024-08-25,2024-08-26,1,2022-08-22,2024-08-25,735,1.0534119708288912,,1.0120033025741575,0.95714271068573,1.0038325786590576,1.087874412536621,False,True,historical_seasonal_harmonic_analog_residual,False,False,foundation_model_runtime,la_poza,la_poza
foundation_20260531T200120Z,la_poza,La Poza,Chronos Large,chronos,amazon/chronos-t5-large,2.2.2,2024-08-25,2024-09-01,7,2022-08-22,2024-08-25,735,1.223079660842462,,1.1042158603668213,0.9408012628555298,1.056358814239502,1.398362159729004,False,True,historical_seasonal_harmonic_analog_residual,False,False,foundation_model_runtime,la_poza,la_poza
foundation_20260531T200120Z,la_poza,La Poza,Chronos Large,chronos,amazon/chronos-t5-large,2.2.2,2024-08-25,2024-09-08,14,2022-08-22,2024-08-25,735,1.3917638384160294,,1.0832054615020752,0.7972298264503479,1.0271775722503662,1.428710699081421,False,True,historical_seasonal_harmonic_analog_residual,False,False,foundation_model_runtime,la_poza,la_poza
foundation_20260531T200120Z,la_poza,La Poza,Chronos Large,chronos,amazon/chronos-t5-large,2.2.2,2024-08-25,2024-09-22,28,2022-08-22,2024-08-25,735,1.201235525550675,,1.1835887432098389,0.7750521302223206,1.1730835437774658,1.7672123908996582,False,True,historical_seasonal_harmonic_analog_residual,False,False,foundation_model_runtime,la_poza,la_poza
foundation_20260531T200120Z,la_poza,La Poza,Chronos Large,chronos,amazon/chronos-t5-large,2.2.2,2024-09-08,2024-09-09,1,2022-08-22,2024-09-08,749,1.3657638192602544,,1.397292971611023,1.3243374824523926,1.3922808170318604,1.4802730083465576,False,True,historical_seasonal_harmonic_analog_residual,False,False,foundation_model_runtime,la_poza,la_poza
foundation_20260531T200120Z,la_poza,La Poza,Chronos Large,chronos,amazon/chronos-t5-large,2.2.2,2024-09-08,2024-09-15,7,2022-08-22,2024-09-08,749,1.3798248313140729,,1.4630087614059448,1.1761988401412964,1.5036633014678955,1.7141761779785156,False,True,historical_seasonal_harmonic_analog_residual,False,False,foundation_model_runtime,la_poza,la_poza
foundation_20260531T200120Z,la_poza,La Poza,Chronos Large,chronos,amazon/chronos-t5-large,2.2.2,2024-09-08,2024-09-22,14,2022-08-22,2024-09-08,749,1.201235525550675,,1.494195818901062,1.0893205404281616,1.4591102600097656,1.9380549192428589,False,True,historical_seasonal_harmonic_analog_residual,False,False,foundation_model_runtime,la_poza,la_poza
foundation_20260531T200120Z,la_poza,La Poza,Chronos Large,chronos,amazon/chronos-t5-large,2.2.2,2024-09-08,2024-10-06,28,2022-08-22,2024-09-08,749,1.6446427163369362,,1.513130784034729,1.0325154066085815,1.498094081878662,1.775436520576477,False,True,historical_seasonal_harmonic_analog_residual,False,False,foundation_model_runtime,la_poza,la_poza
foundation_20260531T200120Z,la_poza,La Poza,Chronos Large,chronos,amazon/chronos-t5-large,2.2.2,2024-09-22,2024-09-23,1,2022-08-22,2024-09-22,763,1.161842466458077,,1.145890235900879,1.0913240909576416,1.1495985984802246,1.187741994857788,False,True,historical_seasonal_harmonic_analog_residual,False,False,foundation_model_runtime,la_poza,la_poza
foundation_20260531T200120Z,la_poza,La Poza,Chronos Large,chronos,amazon/chronos-t5-large,2.2.2,2024-09-22,2024-09-29,7,2022-08-22,2024-09-22,763,1.376430896595819,,1.1151635646820068,0.8476303815841675,1.1337056159973145,1.3901138305664062,False,True,historical_seasonal_harmonic_analog_residual,False,False,foundation_model_runtime,la_poza,la_poza
foundation_20260531T200120Z,la_poza,La Poza,Chronos Large,chronos,amazon/chronos-t5-large,2.2.2,2024-09-22,2024-10-06,14,2022-08-22,2024-09-22,763,1.6446427163369362,,1.098740816116333,0.779819905757904,1.0807287693023682,1.4558050632476809,False,True,historical_seasonal_harmonic_analog_residual,False,False,foundation_model_runtime,la_poza,la_poza
foundation_20260531T200120Z,la_poza,La Poza,Chronos Large,chronos,amazon/chronos-t5-large,2.2.2,2024-09-22,2024-10-20,28,2022-08-22,2024-09-22,763,1.8061136822118211,,1.1538368463516235,0.7724031805992126,1.043644905090332,1.5797711610794067,False,True,historical_seasonal_harmonic_analog_residual,False,False,foundation_model_runtime,la_poza,la_poza
foundation_20260531T200120Z,la_poza,La Poza,Chronos Large,chronos,amazon/chronos-t5-large,2.2.2,2024-10-06,2024-10-07,1,2022-08-22,2024-10-06,777,1.7605558579429248,,1.6939365863800049,1.5916858911514282,1.6722776889801023,1.8445425033569336,False,True,historical_seasonal_harmonic_analog_residual,False,False,foundation_model_runtime,la_poza,la_poza
foundation_20260531T200120Z,la_poza,La Poza,Chronos Large,chronos,amazon/chronos-t5-large,2.2.2,2024-10-06,2024-10-13,7,2022-08-22,2024-10-06,777,1.8628488893058353,,1.8787940740585327,1.4647541046142578,1.828424096107483,2.3059298992156982,False,True,historical_seasonal_harmonic_analog_residual,False,False,foundation_model_runtime,la_poza,la_poza
foundation_20260531T200120Z,la_poza,La Poza,Chronos Large,chronos,amazon/chronos-t5-large,2.2.2,2024-10-06,2024-10-20,14,2022-08-22,2024-10-06,777,1.8061136822118211,,2.0435032844543457,1.1846979856491089,2.080273151397705,3.2347490787506104,False,True,historical_seasonal_harmonic_analog_residual,False,False,foundation_model_runtime,la_poza,la_poza
foundation_20260531T200120Z,la_poza,La Poza,Chronos Large,chronos,amazon/chronos-t5-large,2.2.2,2024-10-06,2024-11-03,28,2022-08-22,2024-10-06,777,1.7438644129831542,,2.2565674781799316,1.084965705871582,1.8989417552948,4.013466835021973,False,True,historical_seasonal_harmonic_analog_residual,False,False,foundation_model_runtime,la_poza,la_poza
foundation_20260531T200120Z,la_poza,La Poza,Chronos Large,chronos,amazon/chronos-t5-large,2.2.2,2024-10-20,2024-10-21,1,2022-08-22,2024-10-20,791,1.7939856283632754,,1.7951927185058594,1.7599533796310425,1.7972065210342407,1.8344595432281496,False,True,historical_seasonal_harmonic_analog_residual,False,False,foundation_model_runtime,la_poza,la_poza
foundation_20260531T200120Z,la_poza,La Poza,Chronos Large,chronos,amazon/chronos-t5-large,2.2.2,2024-10-20,2024-10-27,7,2022-08-22,2024-10-20,791,1.7923348038788725,,1.6305745840072632,1.3864163160324097,1.6109414100646973,1.8425142765045168,False,True,historical_seasonal_harmonic_analog_residual,False,False,foundation_model_runtime,la_poza,la_poza
foundation_20260531T200120Z,la_poza,La Poza,Chronos Large,chronos,amazon/chronos-t5-large,2.2.2,2024-10-20,2024-11-03,14,2022-08-22,2024-10-20,791,1.7438644129831542,,1.5621095895767212,1.178000807762146,1.535428524017334,1.9955536127090456,False,True,historical_seasonal_harmonic_analog_residual,False,False,foundation_model_runtime,la_poza,la_poza
foundation_20260531T200120Z,la_poza,La Poza,Chronos Large,chronos,amazon/chronos-t5-large,2.2.2,2024-10-20,2024-11-17,28,2022-08-22,2024-10-20,791,1.5258714502319348,,1.613458275794983,0.9444143772125244,1.6008728742599487,2.4808497428894043,False,True,historical_seasonal_harmonic_analog_residual,False,False,foundation_model_runtime,la_poza,la_poza
foundation_20260531T200120Z,la_poza,La Poza,Chronos Large,chronos,amazon/chronos-t5-large,2.2.2,2024-11-03,2024-11-04,1,2022-08-22,2024-11-03,805,1.7360720723730054,,1.762580633163452,1.7071664333343506,1.7742736339569092,1.82002854347229,False,True,historical_seasonal_harmonic_analog_residual,False,False,foundation_model_runtime,la_poza,la_poza
foundation_20260531T200120Z,la_poza,La Poza,Chronos Large,chronos,amazon/chronos-t5-large,2.2.2,2024-11-03,2024-11-10,7,2022-08-22,2024-11-03,805,1.738545867549986,,1.7605472803115845,1.5017777681350708,1.733602523803711,1.9532263278961184,False,True,historical_seasonal_harmonic_analog_residual,False,False,foundation_model_runtime,la_poza,la_poza
foundation_20260531T200120Z,la_poza,La Poza,Chronos Large,chronos,amazon/chronos-t5-large,2.2.2,2024-11-03,2024-11-17,14,2022-08-22,2024-11-03,805,1.5258714502319348,,1.686322569847107,1.2984225749969482,1.5963377952575684,2.0976083278656006,False,True,historical_seasonal_harmonic_analog_residual,False,False,foundation_model_runtime,la_poza,la_poza
foundation_20260531T200120Z,la_poza,La Poza,Chronos Large,chronos,amazon/chronos-t5-large,2.2.2,2024-11-03,2024-12-01,28,2022-08-22,2024-11-03,805,1.088723692715156,,1.5948127508163452,0.9100143313407898,1.53533136844635,2.350785493850708,False,True,historical_seasonal_harmonic_analog_residual,False,False,foundation_model_runtime,la_poza,la_poza
foundation_20260531T200120Z,la_poza,La Poza,Chronos Large,chronos,amazon/chronos-t5-large,2.2.2,2024-11-17,2024-11-18,1,2022-08-22,2024-11-17,819,1.402421176466638,,1.5070865154266355,1.441116213798523,1.4983928203582764,1.5587375164031982,False,True,historical_seasonal_harmonic_analog_residual,False,False,foundation_model_runtime,la_poza,la_poza
foundation_20260531T200120Z,la_poza,La Poza,Chronos Large,chronos,amazon/chronos-t5-large,2.2.2,2024-11-17,2024-11-24,7,2022-08-22,2024-11-17,819,1.140468177393455,,1.5132232904434204,1.338836908340454,1.4983928203582764,1.6507890224456787,False,True,historical_seasonal_harmonic_analog_residual,False,False,foundation_model_runtime,la_poza,la_poza
foundation_20260531T200120Z,la_poza,La Poza,Chronos Large,chronos,amazon/chronos-t5-large,2.2.2,2024-11-17,2024-12-01,14,2022-08-22,2024-11-17,819,1.088723692715156,,1.557714819908142,1.2130333185195925,1.5137346982955933,1.9320573806762695,False,True,historical_seasonal_harmonic_analog_residual,False,False,foundation_model_runtime,la_poza,la_poza
foundation_20260531T200120Z,la_poza,La Poza,Chronos Large,chronos,amazon/chronos-t5-large,2.2.2,2024-11-17,2024-12-15,28,2022-08-22,2024-11-17,819,0.9344397536105096,,1.6722675561904907,1.0238165855407717,1.5290765762329102,2.6265342235565186,False,True,historical_seasonal_harmonic_analog_residual,False,False,foundation_model_runtime,la_poza,la_poza
foundation_20260531T200120Z,la_poza,La Poza,Chronos Large,chronos,amazon/chronos-t5-large,2.2.2,2024-12-01,2024-12-02,1,2022-08-22,2024-12-01,833,1.0649157939821698,,1.0779306888580322,1.0299545526504517,1.082013726234436,1.1126368045806885,False,True,historical_seasonal_harmonic_analog_residual,False,False,foundation_model_runtime,la_poza,la_poza
foundation_20260531T200120Z,la_poza,La Poza,Chronos Large,chronos,amazon/chronos-t5-large,2.2.2,2024-12-01,2024-12-08,7,2022-08-22,2024-12-01,833,1.0161535970880582,,1.1060017347335815,0.87581866979599,1.0871175527572632,1.2912712097167969,False,True,historical_seasonal_harmonic_analog_residual,False,False,foundation_model_runtime,la_poza,la_poza
foundation_20260531T200120Z,la_poza,La Poza,Chronos Large,chronos,amazon/chronos-t5-large,2.2.2,2024-12-01,2024-12-15,14,2022-08-22,2024-12-01,833,0.9344397536105096,,1.1478532552719116,0.8145726323127747,1.1024290323257446,1.5638161897659302,False,True,historical_seasonal_harmonic_analog_residual,False,False,foundation_model_runtime,la_poza,la_poza
foundation_20260531T200120Z,la_poza,La Poza,Chronos Large,chronos,amazon/chronos-t5-large,2.2.2,2024-12-01,2024-12-29,28,2022-08-22,2024-12-01,833,0.333,0.333,1.3050514459609983,0.7267866134643555,1.332101821899414,1.7689905166625977,True,False,observed,False,False,foundation_model_runtime,la_poza,la_poza
